"info_id","emp_id","number_consumers","dishes_count","accounts_payable","use_start_time","lock_time","order_status","phone","name"
417,1442,4,5,165,"2016/8/1 11:05:36","2016/8/1 11:11:46",1,18688880641,"√Á”Ó‚˘"
301,1095,3,6,321,"2016/8/1 11:15:57","2016/8/1 11:31:55",1,18688880174,"’‘”±"
413,1147,6,15,854,"2016/8/1 12:42:52","2016/8/1 12:54:37",1,18688880276,"–Ï“„∑≤"
415,1166,4,10,466,"2016/8/1 12:51:38","2016/8/1 13:08:20",1,18688880231,"’≈¥Û≈Ù"
392,1094,10,24,704,"2016/8/1 12:58:44","2016/8/1 13:07:16",1,18688880173,"ÀÔŒıø≠"
381,1243,4,7,239,"2016/8/1 13:15:42","2016/8/1 13:23:42",1,18688880441,"…Úœ˛ˆ©"
429,1452,4,15,699,"2016/8/1 13:17:37","2016/8/1 13:34:18",1,18688880651,"√Á‘Û¿§"
433,1109,8,14,511,"2016/8/1 13:38:27","2016/8/1 13:50:16",1,18688880212,"¿Ó¥Ô√˜"
569,1143,6,9,326,"2016/8/1 17:06:20","2016/8/1 17:18:20",1,18688880272,"≥¬”–∫∆"
655,1268,8,10,263,"2016/8/1 17:32:27","2016/8/1 17:44:27",1,18688880466,"…Úµ§µ§"
577,1150,7,7,380,"2016/8/1 17:37:07","2016/8/1 17:50:02",1,18688880279,"∫˙Ïœ"
622,1220,4,7,164,"2016/8/1 17:40:18","2016/8/1 17:47:08",1,18688880419,"–Ïø•Ã´"
651,1593,3,5,137,"2016/8/1 18:12:20","2016/8/1 18:20:12",1,18688880792,"∏ﬂŸ“Õ©"
694,1122,8,10,819,"2016/8/1 18:26:27","2016/8/1 18:37:27",1,18688880316,"÷ÏÓ⁄"
462,1187,7,13,431,"2016/8/1 18:45:27","2016/8/1 18:49:42",1,18688880366,"ÀÔ–¬‰Ï"
458,1455,2,14,700,"2016/8/1 19:27:29","2016/8/1 19:31:41",1,18688880654,"≈£≥§Ω"
562,1552,8,7,366,"2016/8/1 19:44:56","2016/8/1 19:57:51",1,18688880751,"ÕıºŒúB"
486,1156,7,12,443,"2016/8/1 20:31:37","2016/8/1 20:36:28",1,18688880285,"’≈∑º”Ô"
517,1008,2,7,294,"2016/8/1 21:11:44","2016/8/1 21:21:12",1,18688880027,"–Ì∫Õ‚˘"
452,1114,8,7,167,"2016/8/1 21:19:16","2016/8/1 21:29:48",1,18688880193,"…€Í≈–¶"
448,1449,6,14,609,"2016/8/1 21:37:26","2016/8/1 21:52:56",1,18688880648,"√Á«Ô¿º"
193,1084,3,8,238,"2016/8/2 11:20:59","2016/8/2 11:33:41",1,18688880163,"’≈æ∏ˆ©"
166,986,2,7,260,"2016/8/2 11:22:19","2016/8/2 11:30:19",1,18688880005,"ƒ™◊”Ω®"
342,1450,2,5,109,"2016/8/2 11:58:57","2016/8/2 12:10:08",1,18688880649,"√Áº“≥©"
260,990,4,9,302,"2016/8/2 12:35:59","2016/8/2 12:53:59",1,18688880009,"’≈•”Í"
367,1119,4,13,639,"2016/8/2 12:58:38","2016/8/2 13:17:56",1,18688880198,"øµ—≈–¿"
368,1125,4,6,211,"2016/8/2 13:08:42","2016/8/2 13:22:42",1,18688880317,"÷‹◊”–˘"
365,992,2,6,146,"2016/8/2 13:19:35","2016/8/2 13:29:35",1,18688880011,"Ω™ÍœÍ≈"
171,1463,3,10,299,"2016/8/2 13:51:18","2016/8/2 14:00:49",1,18688880662,"∑∂–°›Ê"
631,1188,4,6,168,"2016/8/2 17:57:15","2016/8/2 18:00:34",1,18688880367,"“¶¿ˆ"
650,1212,3,15,498,"2016/8/2 18:19:12","2016/8/2 18:27:12",1,18688880411,"∫˙—Ô"
734,1278,2,5,184,"2016/8/2 18:20:57","2016/8/2 18:27:57",1,18688880476,"∫˙ÏœÙÀ"
548,1103,6,9,850,"2016/8/2 18:55:53","2016/8/2 19:07:37",1,18688880182,"’‘÷¬‘∂"
574,1115,6,10,546,"2016/8/2 19:00:11","2016/8/2 19:06:35",1,18688880194,"ÀÔ—©¿◊"
719,1162,2,7,306,"2016/8/2 19:22:22","2016/8/2 19:38:22",1,18688880291,"’‘√œ¥∫"
585,1181,4,10,659,"2016/8/2 20:14:16","2016/8/2 20:25:16",1,18688880360,"‘¨º—”Ò"
613,1451,3,9,379,"2016/8/2 21:00:51","2016/8/2 21:10:51",1,18688880650,"√Á–¿‘√"
688,1157,5,8,332,"2016/8/2 21:04:30","2016/8/2 21:18:30",1,18688880286,"’‘ﬁ»ø•"
491,1169,6,8,134,"2016/8/2 21:36:21","2016/8/2 21:54:21",1,18688880298,"ÀÔÓÏ‰™"
432,1175,2,6,269,"2016/8/3 12:52:11","2016/8/3 13:10:51",1,18688880354,"¿ÓπÈ≥ "
177,1141,2,4,137,"2016/8/3 12:56:20","2016/8/3 13:00:17",1,18688880270,"∫˙æÿ“Á"
320,1538,3,7,457,"2016/8/3 13:03:19","2016/8/3 13:18:46",1,18688880737,"≤Ã”ÍÕ©"
317,1091,5,13,523,"2016/8/3 13:06:46","2016/8/3 13:12:46",1,18688880170,"Œ∫÷¬‘∂"
281,997,4,21,394,"2016/8/3 13:51:21","2016/8/3 14:09:05",1,18688880016,"–Ï◊”–˘"
137,1248,4,9,197,"2016/8/3 14:01:13","2016/8/3 14:05:29",1,18688880446,"∫˙∏ÇÃŒ"
670,1570,10,18,580,"2016/8/3 17:10:07","2016/8/3 17:28:07",1,18688880769,"ÕıœÈ“µ"
776,1204,8,18,760,"2016/8/3 17:31:46","2016/8/3 17:47:46",1,18688880403,"∫˙”˛Œƒ"
492,1129,9,3,301,"2016/8/3 18:14:15","2016/8/3 18:32:15",1,18688880258,"∫˙“’∑∆"
615,1261,10,8,343,"2016/8/3 18:51:13","2016/8/3 18:56:13",1,18688880459,"ÀÔ”ÍœË"
749,1139,8,16,718,"2016/8/3 19:47:15","2016/8/3 20:01:39",1,18688880268,"√œ–°Ω‹"
488,1110,8,8,349,"2016/8/3 20:05:21","2016/8/3 20:25:21",1,18688880312,"¿Ó≈Â…∫"
773,1193,4,12,395,"2016/8/3 20:44:58","2016/8/3 20:57:58",1,18688880372,"¿ÓÀº–˘"
660,1116,6,19,560,"2016/8/3 20:49:10","2016/8/3 21:07:43",1,18688880195,"’≈ È“«"
619,1124,6,20,720,"2016/8/3 20:58:42","2016/8/3 21:03:33",1,18688880253,"∫˙Íœ"
649,1557,7,10,350,"2016/8/3 21:23:56","2016/8/3 21:39:56",1,18688880756,"ÕıË™–˘"
302,1458,6,19,634,"2016/8/4 11:05:45","2016/8/4 11:17:45",1,18688880657,"≈£√˜À∂"
310,1303,2,4,227,"2016/8/4 11:58:32","2016/8/4 12:06:27",1,18688880502,"ƒæ—≈‘∆"
383,1105,2,17,705,"2016/8/4 12:07:40","2016/8/4 12:26:40",1,18688880184,"Œ∫Ó⁄Ω‡"
547,1018,3,16,501,"2016/8/4 17:35:42","2016/8/4 17:55:42",1,18688880037,"¬¨◊”∫≤"
668,1232,8,5,291,"2016/8/4 18:05:29","2016/8/4 18:20:29",1,18688880430,"…Ú◊”‰ø"
742,1597,6,11,648,"2016/8/4 18:19:03","2016/8/4 18:27:03",1,18688880796,"≤ÒË§’‹"
593,1189,8,12,813,"2016/8/4 18:35:29","2016/8/4 18:45:29",1,18688880368,"–ÏÁÊ"
1259,1115,3,4,158,"2016/8/4 18:52:23","2016/8/4 19:03:47",1,18688880194,"ÀÔ—©¿◊"
703,1594,2,2,127,"2016/8/4 18:54:01","2016/8/4 19:03:43",1,18688880793,"∏ﬂΩ®Ω®"
673,1221,6,10,690,"2016/8/4 20:34:34","2016/8/4 20:50:34",1,18688880420,"’≈π‚Œı"
669,1273,2,20,1006,"2016/8/4 21:11:51","2016/8/4 21:27:51",1,18688880471,"…Ú¿⁄"
443,1605,10,19,837,"2016/8/4 21:30:23","2016/8/4 21:47:15",1,18688880804,"≤Ò∆Ù‘Û"
557,1163,8,30,1023,"2016/8/4 21:54:20","2016/8/4 22:07:30",1,18688880292,"¿Ó–¿Â˚"
333,1249,3,5,159,"2016/8/5 12:01:27","2016/8/5 12:19:27",1,18688880447,"–ÏºŒ‚˘"
384,1148,6,7,231,"2016/8/5 12:23:47","2016/8/5 12:32:47",1,18688880277,"ÀÔœ‡¡˙"
831,1096,5,13,507,"2016/8/5 12:33:49","2016/8/5 12:49:49",1,18688880175,"’≈ËÓ⁄æ"
382,1206,6,10,470,"2016/8/5 12:38:13","2016/8/5 12:48:13",1,18688880405,"∂≠‘Û¡¶"
313,1226,3,13,279,"2016/8/5 13:35:20","2016/8/5 13:50:20",1,18688880424,"∫˙∞Ÿ“ÿ"
892,989,2,6,194,"2016/8/5 13:40:45","2016/8/5 13:56:45",1,18688880008,"Ã∆¿Ú"
762,1138,4,7,269,"2016/8/5 17:11:10","2016/8/5 17:18:10",1,18688880267,"¿Óº—‹∞"
1070,1177,6,16,738,"2016/8/5 17:20:12","2016/8/5 17:29:12",1,18688880356,"ÀÔæ≤≤®"
682,1144,6,8,407,"2016/8/5 18:24:27","2016/8/5 18:41:27",1,18688880273,"Õı–À"
541,1151,2,7,189,"2016/8/5 18:35:13","2016/8/5 18:52:13",1,18688880280,"√œË¥"
610,1571,6,7,139,"2016/8/5 18:37:07","2016/8/5 18:48:07",1,18688880770,"Õı’Ò√˘"
575,1093,2,12,908,"2016/8/5 18:41:19","2016/8/5 18:57:19",1,18688880172,"∫´”ÍŒı"
652,1164,3,11,346,"2016/8/5 18:53:11","2016/8/5 19:04:46",1,18688880293,"√´∫√"
779,1304,6,15,735,"2016/8/5 19:18:52","2016/8/21 19:26:52",1,18688880503,"ƒæ–¿Õ©"
573,1337,4,9,364,"2016/8/5 19:29:13","2016/8/5 19:44:13",1,18688880536,"Œ⁄√˜–˘"
451,1488,10,17,693,"2016/8/5 20:00:29","2016/8/5 20:07:05",1,18688880687,"–Ã–¿ø…"
681,1183,6,20,980,"2016/8/5 20:20:24","2016/8/5 20:37:24",1,18688880362,"’≈µŸ∑∆"
502,1028,10,11,473,"2016/8/5 20:56:01","2016/8/5 21:12:55",1,18688880047,"æ£’‹"
545,1117,4,9,250,"2016/8/5 20:59:58","2016/8/5 21:15:44",1,18688880196,"÷”Ïœƒ˛"
578,1404,6,10,601,"2016/8/5 21:33:55","2016/8/5 21:38:55",1,18688880603,"’¬–¿‚˘"
617,1107,4,11,368,"2016/8/5 22:01:15","2016/8/5 22:07:03",1,18688880186,"∫˙…–Ωø"
386,1160,6,9,895,"2016/8/6 11:05:05","2016/8/6 11:17:11",1,18688880229,"¡ı∂´∑Ω"
824,1601,3,8,495,"2016/8/6 11:16:37","2016/8/6 11:47:37",1,18688880800,"≤ÒÌµ¿›"
434,1377,8,16,721,"2016/8/6 11:17:44","2016/8/6 11:31:27",1,18688880576,"÷Ÿ≤≈¬Ì"
894,1140,6,5,345,"2016/8/6 11:20:52","2016/8/6 11:25:03",1,18688880269,"’‘Ã˙ÕÓ"
837,1024,6,11,625,"2016/8/6 11:42:14","2016/8/6 11:47:33",1,18688880043,"Œ∫≥Ã—©"
814,1129,4,11,331,"2016/8/6 11:49:06","2016/8/6 11:57:08",1,18688880119,"œƒ—©"
391,1253,6,7,236,"2016/8/6 11:58:23","2016/8/6 12:14:28",1,18688880451,"…Ú–«”Ó"
266,990,5,8,335,"2016/8/6 12:28:08","2016/8/6 12:39:13",1,18688880009,"’≈•”Í"
399,1167,8,4,131,"2016/8/6 12:37:13","2016/8/6 12:48:08",1,18688880331,"’≈ƒ»"
865,1130,8,19,794,"2016/8/6 12:54:01","2016/8/6 13:10:25",1,18688880219,"œƒÍª»ª"
311,1086,4,12,402,"2016/8/6 12:57:29","2016/8/6 13:13:11",1,18688880165,"ÀÔª¿ª∂"
878,1453,3,8,325,"2016/8/6 13:12:16","2016/8/6 13:48:16",1,18688880652,"≈£ΩŒƒ"
203,1250,3,7,238,"2016/8/6 13:13:30","2016/8/6 13:29:59",1,18688880448,"’‘ºÃ∫≠"
829,1220,3,7,360,"2016/8/6 13:16:22","2016/8/6 13:24:25",1,18688880419,"–Ïø•Ã´"
855,1598,8,13,689,"2016/8/6 13:40:14","2016/8/6 13:48:36",1,18688880797,"≤Ò¿ÚΩø"
848,1131,6,10,458,"2016/8/6 13:41:21","2016/8/6 13:47:15",1,18688880260,"’‘Œƒ¿÷"
856,1125,2,7,113,"2016/8/6 13:45:18","2016/8/6 13:18:18",1,18688880254,"’‘π‚∂®"
872,1162,6,12,405,"2016/8/6 13:47:28","2016/8/6 14:05:19",1,18688880130,"¡ı∞Æ√∑"
800,1159,8,9,612,"2016/8/6 14:02:47","2016/8/6 14:12:09",1,18688880129,"¡ı±Û“Â"
750,1459,2,7,237,"2016/8/6 17:11:17","2016/8/6 17:27:37",1,18688880658,"≈£—◊¥∫"
447,1609,6,19,642,"2016/8/6 17:17:26","2016/8/6 17:28:26",1,18688880808,"≤Ò∫¿—∑"
1038,1139,2,13,486,"2016/8/6 17:20:27","2016/8/6 17:27:32",1,18688880222,"∑Î”±"
690,1274,10,12,1000,"2016/8/6 17:27:04","2016/8/6 17:38:58",1,18688880472,"¿Ó∫¢¡¢"
1026,1010,10,24,1027,"2016/8/6 17:33:05","2016/8/6 17:40:10",1,18688880029,"‘¨º“»Ô"
1004,1105,2,17,801,"2016/8/6 17:35:46","2016/8/6 17:20:46",1,18688880184,"Œ∫Ó⁄Ω‡"
1012,1106,8,6,194,"2016/8/6 17:36:07","2016/8/6 17:55:23",1,18688880185,"’≈Ω˙“´"
500,1409,4,13,657,"2016/8/6 17:36:13","2016/8/6 17:40:27",1,18688880608,"ƒ˛ª€∑≤"
1149,1263,2,22,756,"2016/8/6 17:48:27","2016/8/6 17:34:27",1,18688880461,"’‘±Û√Ò"
1002,1145,6,7,224,"2016/8/6 17:55:37","2016/8/6 18:07:21",1,18688880274,"ÀÔ◊”∫„"
484,1454,4,12,435,"2016/8/6 18:01:04","2016/8/6 18:14:44",1,18688880653,"≈£≥§Œı"
584,1487,7,21,1156,"2016/8/6 18:02:09","2016/8/6 18:06:46",1,18688880686,"–Ã–Àπ˙"
1021,1116,8,14,810,"2016/8/6 18:15:11","2016/8/6 18:23:56",1,18688880195,"’≈ È“«"
1298,1244,2,9,256,"2016/8/6 18:16:40","2016/8/6 18:29:03",1,18688880442,"ÀÔ≥øÜ¥"
1251,1121,8,11,292,"2016/8/6 18:32:05","2016/8/6 18:37:31",1,18688880250,"’‘¥´ªØ"
712,1148,5,13,307,"2016/8/6 18:46:29","2016/8/6 18:51:53",1,18688880225,"◊ø—«∆º"
1290,1558,7,15,656,"2016/8/6 18:47:30","2016/8/6 18:57:01",1,18688880757,"Õı≥Ω≤¥"
1173,1016,8,17,556,"2016/8/6 18:50:12","2016/8/6 18:36:12",1,18688880035,"‘¨ÍªÃÏ"
1258,1606,2,9,240,"2016/8/6 18:51:33","2016/8/6 19:09:32",1,18688880805,"≤Ò¡¡¡¡"
778,1020,2,6,207,"2016/8/6 18:54:57","2016/8/6 19:08:09",1,18688880039,"¬¨ΩıÍÿ"
475,1166,6,7,142,"2016/8/6 19:05:10","2016/8/6 19:22:45",1,18688880231,"’≈¥Û≈Ù"
1064,1196,8,1,48,"2016/8/6 19:06:14","2016/8/6 19:06:01",1,18688880375,"–Ï”Í‹«"
1177,1128,3,6,133,"2016/8/6 19:11:01","2016/8/6 19:14:40",1,18688880257,"’≈ø£“Ô"
1174,1152,6,8,121,"2016/8/6 19:17:12","2016/8/6 19:20:10",1,18688880281,"∫˙ È—˛"
1103,1321,4,9,204,"2016/8/6 19:50:02","2016/8/6 20:00:39",1,18688880520,"Œ¿—«±˘"
1157,1446,4,12,800,"2016/8/6 20:00:05","2016/8/6 20:05:39",1,18688880645,"√ÁºŒ˜Ë"
1126,1118,8,22,817,"2016/8/6 20:02:19","2016/8/6 20:06:37",1,18688880197,"∫˙µ˚"
1031,1208,8,5,201,"2016/8/6 20:19:39","2016/8/6 20:23:02",1,18688880407,"ÀÔ“ª∞ÿ"
1082,1157,4,15,458,"2016/8/6 20:29:09","2016/8/6 20:41:22",1,18688880286,"’‘ﬁ»ø•"
524,1381,8,7,249,"2016/8/6 20:36:34","2016/8/6 20:48:34",1,18688880580,"Ò˚√˜∫Ω"
508,1238,2,10,259,"2016/8/6 20:37:11","2016/8/6 20:50:22",1,18688880436,"¥ﬁ”Í‘Û"
1278,1158,2,6,185,"2016/8/6 20:40:24","2016/8/6 20:42:27",1,18688880287,"∫˙ºŒ„Î"
1054,1152,8,3,98,"2016/8/6 20:46:12","2016/8/6 20:58:47",1,18688880326,"¿‰◊”≈Ì"
677,1190,10,5,183,"2016/8/6 20:48:36","2016/8/6 21:00:50",1,18688880369,"’‘Í…”Ò"
1274,1167,4,7,264,"2016/8/6 20:50:06","2016/8/6 21:01:13",1,18688880296,"≈Ì◊”ÍÃ"
1309,1443,6,15,445,"2016/8/6 20:51:08","2016/8/6 20:59:45",1,18688880642,"√Á‘™Á¸"
1148,1092,4,19,1066,"2016/8/6 21:13:14","2016/8/6 21:32:59",1,18688880171,"∫˙”Óø≠"
905,1142,6,9,379,"2016/8/6 21:16:27","2016/8/6 21:24:30",1,18688880223,"¿∂’Òπ˙"
1108,1140,3,5,154,"2016/8/6 21:16:37","2016/8/6 21:33:21",1,18688880322,"∑Îœ˛Ê√"
1288,1207,7,17,766,"2016/8/6 21:21:37","2016/8/6 21:32:29",1,18688880406,"’‘ˆ¶´h"
1029,1269,2,3,123,"2016/8/6 21:23:49","2016/8/6 21:25:11",1,18688880467,"’≈·∞“ª"
439,1187,8,16,878,"2016/8/6 21:27:13","2016/8/6 21:45:10",1,18688880366,"ÀÔ–¬‰Ï"
1314,1130,8,12,508,"2016/8/6 21:32:29","2016/8/6 21:38:21",1,18688880259,"ÀÔø◊◊Œ"
1184,1120,10,18,716,"2016/8/6 21:38:19","2016/8/6 21:42:08",1,18688880199,"ÀÔ≥Ω–Ò"
1267,1599,4,8,269,"2016/8/6 21:39:21","2016/8/6 21:49:05",1,18688880798,"≤Ò»Ÿ–˘"
1121,1547,4,22,1156,"2016/8/6 21:41:15","2016/8/6 21:52:27",1,18688880746,"Õı’——©"
1193,1548,2,13,373,"2016/8/6 21:56:02","2016/8/6 22:05:45",1,18688880747,"Õı≈À≈À"
1227,1549,2,9,196,"2016/8/6 21:56:02","2016/8/6 22:01:05",1,18688880748,"Õıø¬√»"
1250,1550,6,5,149,"2016/8/6 21:57:38","2016/8/6 22:06:58",1,18688880749,"Õı‹∑»„"
1302,1551,5,22,706,"2016/8/6 21:57:43","2016/8/6 22:01:23",1,18688880750,"ÕıΩı≈Ù"
1303,1123,6,9,124,"2016/8/6 22:03:42","2016/8/6 22:12:52",1,18688880252,"Õıæ≤Œƒ"
283,1519,3,8,250,"2016/8/7 11:04:43","2016/8/7 11:09:18",1,18688880718,"—¶ŸªŸª"
782,1167,2,6,142,"2016/8/7 11:10:50","2016/8/7 11:23:36",1,18688880296,"≈Ì◊”ÍÃ"
201,1478,2,5,119,"2016/8/7 11:11:42","2016/8/7 11:19:45",1,18688880677,"–¡Ó‰"
871,1562,8,18,661,"2016/8/7 11:13:09","2016/8/7 11:23:32",1,18688880761,"Õı ˜≈Û"
428,1349,4,8,289,"2016/8/7 11:14:05","2016/8/7 11:17:21",1,18688880548,"›˛‹ø√µ"
394,1213,6,20,1011,"2016/8/7 11:16:12","2016/8/7 11:22:15",1,18688880412,"’‘”¢"
239,1087,2,4,182,"2016/8/7 11:30:41","2016/8/7 11:40:44",1,18688880166,"Õı¡¢ˆŒ"
840,1144,6,15,624,"2016/8/7 11:32:16","2016/8/7 11:38:51",1,18688880273,"Õı–À"
406,1209,8,5,196,"2016/8/7 11:45:23","2016/8/7 11:07:23",1,18688880408,"¿Ó‘Ûº—"
836,1448,8,13,720,"2016/8/7 11:47:36","2016/8/7 12:02:42",1,18688880647,"√Á≥…¡÷"
812,1122,8,15,720,"2016/8/7 12:08:12","2016/8/7 12:18:44",1,18688880251,"‘¨÷æΩ‹"
844,1205,8,16,766,"2016/8/7 12:16:41","2016/8/7 12:26:32",1,18688880404,"’≈∫≠∫Ø"
351,1610,2,5,176,"2016/8/7 12:23:54","2016/8/7 12:41:07",1,18688880809,"≤Òπ€ÊÁ"
797,1086,7,8,732,"2016/8/7 12:49:28","2016/8/7 13:02:20",1,18688880165,"ÀÔª¿ª∂"
854,1140,2,8,149,"2016/8/7 13:24:55","2016/8/7 13:39:32",1,18688880269,"’‘Ã˙ÕÓ"
875,1258,5,15,716,"2016/8/7 13:32:37","2016/8/7 13:36:40",1,18688880456,"¿Ó∆Ê∑º"
881,1176,8,11,730,"2016/8/7 13:33:14","2016/8/7 13:47:19",1,18688880355,"Œ∫¿÷"
846,1270,8,14,829,"2016/8/7 13:35:22","2016/8/7 13:40:49",1,18688880468,"’‘‘¬«Ì"
396,1533,4,6,184,"2016/8/7 13:35:23","2016/8/7 13:44:01",1,18688880732,"≤ÃΩı≥œ"
826,1131,4,6,383,"2016/8/7 14:02:28","2016/8/7 14:09:26",1,18688880260,"’‘Œƒ¿÷"
739,1185,5,14,455,"2016/8/7 17:24:10","2016/8/7 17:35:16",1,18688880364,"∫˙–«‘Û"
906,1572,5,9,378,"2016/8/7 17:41:32","2016/8/7 17:52:32",1,18688880771,"∏ﬂÂ´Œı"
1053,1121,10,18,398,"2016/8/7 17:42:19","2016/8/7 17:57:08",1,18688880250,"’‘¥´ªØ"
1264,1482,6,10,500,"2016/8/7 17:52:20","2016/8/7 18:04:11",1,18688880681,"–¡’‹≥œ"
594,1402,6,8,427,"2016/8/7 17:54:42","2016/8/7 17:59:52",1,18688880601,"’¬ºŒ∏£"
1008,1574,4,5,315,"2016/8/7 17:55:47","2016/8/7 18:08:14",1,18688880773,"∏ﬂ≥…”Ó"
755,1105,3,6,220,"2016/8/7 17:58:56","2016/8/7 17:20:56",1,18688880111,"ª∆’‹"
1203,1313,8,16,617,"2016/8/7 18:00:22","2016/8/7 18:17:47",1,18688880512,"∑·“’Á‚"
1323,1208,5,15,764,"2016/8/7 18:04:06","2016/8/7 18:44:06",1,18688880407,"ÀÔ“ª∞ÿ"
642,1322,3,10,565,"2016/8/7 18:04:57","2016/8/7 18:19:49",1,18688880521,"Œ⁄∆Ì±Ú"
1123,1122,8,12,480,"2016/8/7 18:05:11","2016/8/7 18:12:04",1,18688880316,"÷ÏÓ⁄"
568,1245,4,11,398,"2016/8/7 18:21:08","2016/8/7 18:27:46",1,18688880443,"¿Ó√˜æ¸"
1201,1234,5,12,374,"2016/8/7 18:29:31","2016/8/7 18:43:33",1,18688880432,"¿Ó”Í…º"
1027,1382,6,23,737,"2016/8/7 18:35:11","2016/8/7 18:43:05",1,18688880581,"Ò˚∫Ω–¿"
1266,1444,8,16,625,"2016/8/7 18:44:02","2016/8/7 18:51:18",1,18688880643,"√Á‘™Â∞"
1049,1123,4,11,408,"2016/8/7 18:58:07","2016/8/7 18:46:07",1,18688880117,"÷‹∂´∆Ω"
1003,1600,2,10,255,"2016/8/7 18:59:59","2016/8/7 19:13:43",1,18688880799,"≤Ò“⁄““"
1129,1168,6,18,1046,"2016/8/7 19:02:42","2016/8/7 19:46:42",1,18688880297,"∫˙‹Á—≈"
454,1473,10,13,444,"2016/8/7 19:03:06","2016/8/7 19:14:07",1,18688880672,"–¡—«Õ˛"
474,1172,2,11,698,"2016/8/7 19:04:09","2016/8/7 19:19:40",1,18688880351,"–Ï–¿”Ë"
607,1165,6,15,850,"2016/8/7 19:13:38","2016/8/7 19:25:38",1,18688880294,"’≈√Œ—˛"
1319,1527,4,9,610,"2016/8/7 19:18:44","2016/8/7 19:31:46",1,18688880726,"œƒÊµç˛"
1282,1300,4,15,602,"2016/8/7 19:32:27","2016/8/7 19:47:27",1,18688880499,"‘≠ˆ©Íø"
1224,1106,3,11,347,"2016/8/7 19:34:53","2016/8/7 19:39:28",1,18688880185,"’≈Ω˙“´"
1263,1420,5,7,193,"2016/8/7 19:59:36","2016/8/7 20:04:22",1,18688880619,"“¸ø°È™"
1169,1146,4,7,278,"2016/8/7 20:01:25","2016/8/7 20:15:11",1,18688880275,"’‘»ÙÕÆ"
1211,1607,8,14,682,"2016/8/7 20:11:25","2016/8/7 20:24:45",1,18688880806,"≤Ò≥…¡¢"
1138,1223,2,9,265,"2016/8/7 20:16:02","2016/8/7 20:22:43",1,18688880422,"ÀÔ“¸›Ê"
1162,1447,2,14,513,"2016/8/7 20:21:32","2016/8/7 20:34:57",1,18688880646,"√ÁÃŒ"
1293,1132,2,5,222,"2016/8/7 20:39:03","2016/8/7 20:51:09",1,18688880120,"¬ΩÃŒ"
1014,1151,6,11,419,"2016/8/7 20:39:21","2016/8/7 20:55:14",1,18688880280,"√œË¥"
1109,1280,8,24,628,"2016/8/7 20:40:09","2016/8/7 20:49:50",1,18688880478,"¿Óæ√∂¨"
711,1034,6,7,503,"2016/8/7 20:42:03","2016/8/7 20:58:40",1,18688880053,"Ã’≥…∑º"
1069,1239,2,3,128,"2016/8/7 20:44:42","2016/8/7 20:26:42",1,18688880437,"’‘ŒƒËÂ"
1139,1114,4,22,705,"2016/8/7 20:46:52","2016/8/7 20:58:12",1,18688880193,"…€Í≈–¶"
1268,1553,8,11,405,"2016/8/7 20:55:40","2016/8/7 21:12:26",1,18688880752,"Õı„Â≥Ω"
1159,1153,4,5,354,"2016/8/7 21:15:53","2016/8/7 21:20:39",1,18688880127,"œ∞”–œ´"
909,991,4,4,471,"2016/8/7 21:25:18","2016/8/7 21:30:16",1,18688880010,"¬Ûø≠‘Û"
1096,1464,3,13,440,"2016/8/7 21:34:59","2016/8/7 21:28:59",1,18688880663,"∑∂–°”¢"
1146,1191,8,27,1000,"2016/8/7 21:35:07","2016/8/7 21:52:17",1,18688880370,"∫˙√ŒÁ˜"
1208,1182,2,12,430,"2016/8/7 21:35:49","2016/8/7 21:44:49",1,18688880361,"¬¨œË”Ó"
598,1469,8,13,529,"2016/8/7 21:36:05","2016/8/7 21:48:28",1,18688880668,"∑∂–Ò”Ì"
1186,1489,6,28,704,"2016/8/7 21:54:04","2016/8/7 22:02:53",1,18688880688,"–Ã–À∞≤"
546,1275,5,21,832,"2016/8/7 21:57:31","2016/8/7 22:06:12",1,18688880473,"–Ï“’√˘"
393,1210,4,8,125,"2016/8/8 11:04:28","2016/8/8 11:11:57",1,18688880409,"≥¬‚˘"
306,1227,3,9,218,"2016/8/8 11:33:59","2016/8/8 11:47:10",1,18688880425,"¿ÓˆŒ‘¬"
430,1465,4,13,405,"2016/8/8 12:27:26","2016/8/8 12:32:11",1,18688880665,"∑∂ƒ›"
407,1595,8,11,747,"2016/8/8 13:53:45","2016/8/8 14:09:05",1,18688880794,"∏ﬂœ˛Ê√"
312,1251,3,7,286,"2016/8/8 13:58:49","2016/8/8 14:09:03",1,18688880449,"’≈—≈∑∆"
481,1195,2,8,208,"2016/8/8 18:08:46","2016/8/8 18:19:39",1,18688880374,"’≈œ˛∑º"
469,1111,4,9,397,"2016/8/8 18:17:01","2016/8/8 18:21:06",1,18688880190,"≥¬Œ˜"
512,1122,8,9,368,"2016/8/8 19:14:37","2016/8/8 19:28:35",1,18688880316,"÷ÏÓ⁄"
571,1170,7,5,243,"2016/8/8 19:25:57","2016/8/8 19:35:38",1,18688880299,"’‘◊¬»ª"
540,1127,8,6,143,"2016/8/8 19:53:41","2016/8/8 19:59:47",1,18688880256,"¿Ó—«√Œ"
620,1091,2,12,659,"2016/8/8 20:03:03","2016/8/8 20:14:06",1,18688880170,"Œ∫÷¬‘∂"
473,1254,5,13,319,"2016/8/8 20:04:35","2016/8/8 20:19:25",1,18688880452,"’‘Œ∞√Ò"
628,1602,3,20,842,"2016/8/8 20:05:56","2016/8/8 20:17:49",1,18688880801,"≤ÒÿΩ—¥"
663,1320,8,20,782,"2016/8/8 20:21:07","2016/8/8 20:29:44",1,18688880519,"∑·’’√Ò"
504,1125,4,14,699,"2016/8/8 21:03:30","2016/8/8 21:17:31",1,18688880317,"÷‹◊”–˘"
516,1177,2,7,138,"2016/8/8 21:48:59","2016/8/8 22:04:54",1,18688880356,"ÀÔæ≤≤®"
338,982,2,6,201,"2016/8/9 11:18:41","2016/8/9 11:27:27",1,18688880001,"“∂“‡ø≠"
285,1087,2,5,147,"2016/8/9 12:20:06","2016/8/9 12:24:57",1,18688880166,"Õı¡¢ˆŒ"
165,1097,10,21,1147,"2016/8/9 12:47:08","2016/8/9 12:58:44",1,18688880176,"”⁄∫ÍŒ∞"
242,991,3,11,224,"2016/8/9 13:26:52","2016/8/9 13:30:02",1,18688880010,"¬Ûø≠‘Û"
751,1228,6,14,407,"2016/8/9 17:37:47","2016/8/9 17:49:47",1,18688880426,"–Ï”Ó©"
635,1184,6,7,255,"2016/8/9 18:00:03","2016/8/9 18:11:16",1,18688880363,"’‘ü@Œı"
534,1132,2,10,356,"2016/8/9 18:00:30","2016/8/9 18:08:06",1,18688880261,"Œ∫≤”"
748,1137,6,10,441,"2016/8/9 18:40:37","2016/8/9 18:54:29",1,18688880266,"≥¬”ËÕÆ"
478,1099,7,15,485,"2016/8/9 20:04:02","2016/8/9 20:10:02",1,18688880178,"ÕıË˜©"
1011,1255,2,10,577,"2016/8/9 20:35:29","2016/8/9 20:52:29",1,18688880453,"“¶–ÏÃÏ"
537,1378,8,11,403,"2016/8/9 20:41:01","2016/8/9 20:47:01",1,18688880577,"÷Ÿº—∫¿"
656,1502,2,6,202,"2016/8/9 20:41:07","2016/8/9 20:50:45",1,18688880701,"≥Ã”Í‘Û"
618,1123,6,12,877,"2016/8/9 20:57:50","2016/8/9 21:15:34",1,18688880252,"Õıæ≤Œƒ"
772,1112,2,7,129,"2016/8/9 21:16:04","2016/8/9 21:25:52",1,18688880191,"Õı∫∆≥ø"
759,1159,4,7,392,"2016/8/9 21:42:18","2016/8/9 21:46:24",1,18688880288,"–Ï‘¬"
416,1117,2,12,418,"2016/8/10 11:09:23","2016/8/10 11:17:23",1,18688880196,"÷”Ïœƒ˛"
422,1113,8,7,304,"2016/8/10 11:11:25","2016/8/10 11:29:25",1,18688880192,"’‘∫ÍŒƒ"
314,1088,8,23,694,"2016/8/10 11:58:52","2016/8/10 12:03:46",1,18688880167,"’‘÷æ∏’"
427,1100,2,9,582,"2016/8/10 12:10:18","2016/8/10 12:18:18",1,18688880179,"∞◊‘∆∂"
294,990,3,5,155,"2016/8/10 12:57:43","2016/8/10 13:12:13",1,18688880009,"’≈•”Í"
344,1343,2,4,134,"2016/8/10 13:14:42","2016/8/10 13:30:42",1,18688880542,"¿‰”Í∑≤"
460,1224,10,14,627,"2016/8/10 17:32:38","2016/8/10 17:39:38",1,18688880479,"‘¨ ´∆Â"
595,1214,4,7,416,"2016/8/10 17:33:32","2016/8/10 17:51:32",1,18688880413,"…ÚºŒ“«"
678,1183,7,7,160,"2016/8/10 17:40:49","2016/8/10 17:55:49",1,18688880362,"’≈µŸ∑∆"
555,1439,2,16,912,"2016/8/10 17:48:24","2016/8/10 18:03:47",1,18688880638,"√Á‘∂«Â"
662,1314,10,10,560,"2016/8/10 17:55:20","2016/8/10 18:09:56",1,18688880513,"∑·º—ÕÆ"
468,1136,2,18,839,"2016/8/10 18:59:23","2016/8/10 19:05:32",1,18688880265,"ÀÔ±¥≥ø"
441,1534,4,7,265,"2016/8/10 19:35:20","2016/8/10 19:57:43",1,18688880733,"≤ÃÍª¡ÿ"
764,1466,8,13,830,"2016/8/10 19:39:43","2016/8/10 19:47:43",1,18688880664,"∑∂Í◊∏Ÿ"
737,1197,8,10,708,"2016/8/10 19:54:12","2016/8/10 20:02:45",1,18688880376,"∫˙√ŒÕ©"
637,1207,6,8,282,"2016/8/10 19:55:04","2016/8/10 20:03:42",1,18688880406,"’‘ˆ¶´h"
536,1142,4,15,684,"2016/8/10 20:03:09","2016/8/10 20:15:09",1,18688880271,"’≈–ÒΩ≠"
732,1153,5,14,426,"2016/8/10 20:14:47","2016/8/10 20:19:47",1,18688880282,"Ω≠“ªÏ "
616,1133,2,4,160,"2016/8/10 20:34:59","2016/8/10 20:49:59",1,18688880262,"ÕıÀº◊ø"
716,1112,8,16,824,"2016/8/10 20:40:20","2016/8/10 20:57:20",1,18688880191,"Õı∫∆≥ø"
774,1138,3,8,314,"2016/8/10 21:50:35","2016/8/10 22:04:05",1,18688880122,"∑Î…ŸªÕ"
412,1169,5,9,270,"2016/8/11 11:59:54","2016/8/11 12:07:18",1,18688880298,"ÀÔÓÏ‰™"
346,1520,5,10,401,"2016/8/11 12:07:44","2016/8/11 12:22:44",1,18688880719,"—¶∑∆∑∆"
369,1467,8,5,190,"2016/8/11 12:54:55","2016/8/11 12:59:55",1,18688880666,"∑∂–°›’"
409,1108,4,20,690,"2016/8/11 12:55:39","2016/8/11 13:09:02",1,18688880187,"’‘≤©∫≠"
298,1098,5,10,341,"2016/8/11 13:08:58","2016/8/11 13:20:58",1,18688880177,"’‘‘¬∫≠"
390,1507,6,13,560,"2016/8/11 13:26:18","2016/8/11 13:39:18",1,18688880706,"Œ∫ÏœœË"
1147,1211,5,11,448,"2016/8/11 17:03:49","2016/8/11 17:21:49",1,18688880410,"–Ï∫£—‡"
1115,1603,5,26,853,"2016/8/11 17:04:07","2016/8/11 17:14:07",1,18688880802,"≤Ò”‹Œ´"
726,1145,4,12,364,"2016/8/11 17:37:41","2016/8/11 17:42:41",1,18688880274,"ÀÔ◊”∫„"
600,1126,4,6,224,"2016/8/11 18:03:59","2016/8/11 18:15:59",1,18688880255,"≥¬”Ë∫≠"
587,1095,8,8,438,"2016/8/11 18:16:24","2016/8/11 18:23:24",1,18688880174,"’‘”±"
498,1596,8,6,175,"2016/8/11 20:00:55","2016/8/11 20:12:55",1,18688880795,"∏ﬂº“√Ø"
680,1259,4,17,592,"2016/8/11 20:43:11","2016/8/11 20:58:11",1,18688880457,"∫˙÷æπ„"
591,1178,10,8,643,"2016/8/11 21:20:51","2016/8/11 21:25:51",1,18688880357,"’‘±˚æ¸"
1132,1219,7,23,838,"2016/8/11 21:41:35","2016/8/11 21:54:35",1,18688880418,"∫˙ππ⁄"
352,1319,3,5,116,"2016/8/12 12:19:41","2016/8/12 12:28:25",1,18688880518,"Œ¿œ˛¿ˆ"
405,1155,8,16,802,"2016/8/12 12:53:27","2016/8/12 13:01:28",1,18688880284,"ÀÔ—«–À"
421,1225,4,9,301,"2016/8/12 13:22:23","2016/8/12 13:28:33",1,18688880423,"’‘Àº◊⁄"
170,1539,4,12,450,"2016/8/12 13:33:28","2016/8/12 13:39:20",1,18688880738,"≤Ã∑´Ã‚"
389,1523,4,6,213,"2016/8/12 13:42:58","2016/8/12 13:49:37",1,18688880722,"œƒ√ØÃÏ"
601,1010,10,7,152,"2016/8/12 17:25:35","2016/8/12 17:31:40",1,18688880029,"‘¨º“»Ô"
684,1094,8,9,511,"2016/8/12 18:05:23","2016/8/12 18:28:23",1,18688880173,"ÀÔŒıø≠"
699,1146,2,8,185,"2016/8/12 18:07:37","2016/8/12 18:19:39",1,18688880275,"’‘»ÙÕÆ"
453,987,5,14,378,"2016/8/12 18:11:22","2016/8/21 18:26:19",1,18688880006,"“◊◊”Ïß"
479,1276,3,14,843,"2016/8/12 18:51:41","2016/8/12 19:05:11",1,18688880474,"’‘¿§"
623,1108,2,15,510,"2016/8/12 19:05:04","2016/8/12 19:16:31",1,18688880187,"’‘≤©∫≠"
510,1216,6,9,169,"2016/8/12 19:09:29","2016/8/12 19:22:05",1,18688880415,"¥ﬁ∫∆ÍÕ"
765,1240,8,18,739,"2016/8/12 19:27:59","2016/8/12 19:52:59",1,18688880438,"∫˙≤©∫Ω"
472,1075,4,15,604,"2016/8/12 19:28:42","2016/8/12 19:46:01",1,18688880101,"’‘”ÒŸª"
704,1476,2,3,129,"2016/8/12 19:52:28","2016/8/12 19:57:37",1,18688880675,"–¡¥´‘Û"
438,1260,4,10,380,"2016/8/12 19:55:18","2016/8/12 20:08:21",1,18688880458,"∫˙ª™"
1176,1554,4,9,227,"2016/8/12 20:16:40","2016/8/12 20:21:59",1,18688880753,"Õı÷™“ª"
686,1246,4,10,332,"2016/8/12 20:22:17","2016/8/12 20:37:34",1,18688880444,"ÕÙŒƒÍª"
630,1173,8,7,432,"2016/8/12 20:27:44","2016/8/12 20:41:12",1,18688880352,"∫˙“‚¡÷"
842,1200,2,6,125,"2016/8/13 11:05:06","2016/8/13 11:11:54",1,18688880379,"¿ÓŒ∞‘Û"
817,1125,6,18,517,"2016/8/13 11:06:13","2016/8/13 11:18:49",1,18688880254,"’‘π‚∂®"
424,1548,8,11,394,"2016/8/13 11:11:04","2016/8/13 11:16:41",1,18688880747,"Õı≈À≈À"
799,1548,8,14,733,"2016/8/13 11:15:38","2016/8/13 11:24:45",1,18688880747,"Õı≈À≈À"
786,1549,6,15,675,"2016/8/13 11:18:28","2016/8/13 11:29:42",1,18688880748,"Õıø¬√»"
897,1550,6,18,619,"2016/8/13 11:22:19","2016/8/13 11:30:10",1,18688880749,"Õı‹∑»„"
805,1551,8,12,789,"2016/8/13 11:31:10","2016/8/13 11:50:28",1,18688880750,"ÕıΩı≈Ù"
887,1256,6,15,786,"2016/8/13 11:37:31","2016/8/13 11:30:31",1,18688880454,"∫˙‚˘»ª"
849,1410,8,17,614,"2016/8/13 11:38:05","2016/8/13 11:46:51",1,18688880609,"ƒ˛≥ø∫∆"
901,1215,8,19,767,"2016/8/13 11:43:34","2016/8/13 11:51:21",1,18688880414,"ÀÔ“Ó©"
899,1141,10,14,612,"2016/8/13 12:18:54","2016/8/13 12:21:56",1,18688880123,"¿∂√Œ¡’"
843,1270,2,6,173,"2016/8/13 12:26:57","2016/8/13 12:41:33",1,18688880468,"’‘‘¬«Ì"
275,1318,2,5,484,"2016/8/13 12:32:39","2016/8/13 12:36:14",1,18688880517,"º™Ë§¡÷"
882,1192,6,10,516,"2016/8/13 12:39:17","2016/8/13 12:50:24",1,18688880371,"≥¬«Ï §"
414,1264,9,12,248,"2016/8/13 12:56:59","2016/8/13 13:01:33",1,18688880462,"∫˙ƒ¬»ª"
861,1178,9,4,222,"2016/8/13 12:59:01","2016/8/13 13:16:45",1,18688880357,"’‘±˚æ¸"
886,1292,3,8,298,"2016/8/13 13:04:25","2016/8/13 13:22:12",1,18688880491,"∆—¿Ω‚˝"
308,1229,4,13,425,"2016/8/13 13:05:49","2016/8/13 13:23:12",1,18688880427,"∫˙≥øÍÿ"
898,1260,4,3,206,"2016/8/13 13:13:02","2016/8/13 13:16:29",1,18688880458,"∫˙ª™"
818,1109,4,8,503,"2016/8/13 13:25:17","2016/8/13 13:37:18",1,18688880188,"¿Ó∫Ë·¬"
243,1344,2,4,125,"2016/8/13 13:31:44","2016/8/13 13:34:24",1,18688880543,"›˛—«∫¨"
349,1305,3,8,278,"2016/8/13 13:32:03","2016/8/13 13:47:34",1,18688880504,"ƒæÙ¿›⁄"
891,1139,6,7,715,"2016/8/13 13:40:28","2016/8/13 13:49:06",1,18688880222,"∑Î”±"
825,1171,5,11,567,"2016/8/13 13:44:46","2016/8/13 13:58:11",1,18688880350,"’≈∆Ω"
853,1147,6,17,636,"2016/8/13 13:59:10","2016/8/13 14:09:23",1,18688880276,"–Ï“„∑≤"
1167,1214,2,19,755,"2016/8/13 17:05:58","2016/8/13 17:10:42",1,18688880413,"…ÚºŒ“«"
1044,1247,4,5,164,"2016/8/13 17:08:13","2016/8/13 17:21:44",1,18688880445,"»ŒˆŒ"
1065,1196,4,10,359,"2016/8/13 17:22:48","2016/8/13 17:34:05",1,18688880375,"–Ï”Í‹«"
1090,1346,3,13,502,"2016/8/13 17:24:30","2016/8/13 17:40:57",1,18688880545,"›˛—„∑…"
1284,1113,8,23,946,"2016/8/13 17:34:15","2016/8/13 17:43:59",1,18688880192,"’‘∫ÍŒƒ"
1074,1254,6,10,477,"2016/8/13 17:48:41","2016/8/13 18:01:48",1,18688880452,"’‘Œ∞√Ò"
1271,1188,4,8,236,"2016/8/13 17:49:57","2016/8/13 18:07:56",1,18688880367,"“¶¿ˆ"
1091,1155,8,10,268,"2016/8/13 18:05:49","2016/8/13 18:14:02",1,18688880284,"ÀÔ—«–À"
643,1503,7,14,403,"2016/8/13 18:06:22","2016/8/13 18:12:31",1,18688880702,"Œ∫º—¿÷"
1197,1170,6,17,792,"2016/8/13 18:07:07","2016/8/13 18:13:57",1,18688880299,"’‘◊¬»ª"
1245,1122,9,15,459,"2016/8/13 18:20:23","2016/8/13 18:34:15",1,18688880316,"÷ÏÓ⁄"
1110,1508,3,12,424,"2016/8/13 18:21:32","2016/8/13 18:31:06",1,18688880707,"Œ∫ÏœΩ‹"
667,1128,10,11,354,"2016/8/13 18:22:08","2016/8/13 18:27:32",1,18688880257,"’≈ø£“Ô"
1134,1536,5,22,719,"2016/8/13 18:38:58","2016/8/13 18:53:18",1,18688880735,"≤ÃÀ›Ë∫"
1188,1088,8,21,1048,"2016/8/13 18:39:17","2016/8/13 18:45:35",1,18688880167,"’‘÷æ∏’"
1191,1141,6,5,122,"2016/8/13 18:47:46","2016/8/13 18:55:40",1,18688880270,"∫˙æÿ“Á"
654,1073,6,16,511,"2016/8/13 19:11:20","2016/8/13 19:17:32",1,18688880098,"π®Ÿª"
1308,1277,8,12,749,"2016/8/13 19:12:17","2016/8/13 19:24:57",1,18688880475,"’≈Ÿª—©"
1311,1166,5,29,976,"2016/8/13 19:22:02","2016/8/13 19:36:35",1,18688880295,"’‘¥Á„„"
457,1125,4,10,404,"2016/8/13 19:23:40","2016/8/13 19:38:31",1,18688880317,"÷‹◊”–˘"
1178,1351,10,18,1129,"2016/8/13 19:33:11","2016/8/13 19:43:25",1,18688880550,"¬Û∂´π„"
693,1015,3,7,212,"2016/8/13 19:41:23","2016/8/13 19:51:52",1,18688880034,"‘¨Ïı∆Ù"
1301,1114,2,22,625,"2016/8/13 20:01:21","2016/8/13 20:13:06",1,18688880193,"…€Í≈–¶"
1131,1019,6,11,206,"2016/8/13 20:12:31","2016/8/13 20:18:43",1,18688880038,"¬¨”Í¡·"
1013,1211,8,10,397,"2016/8/13 20:23:04","2016/8/13 20:31:28",1,18688880410,"–Ï∫£—‡"
1249,1477,2,14,545,"2016/8/13 20:23:09","2016/8/13 20:35:30",1,18688880676,"–¡”Ò≥Ω"
1305,1184,2,13,579,"2016/8/13 20:27:07","2016/8/13 20:31:53",1,18688880363,"’‘ü@Œı"
1007,1241,8,14,789,"2016/8/13 20:29:05","2016/8/13 20:43:51",1,18688880439,"–Ï≥Ω≈Ê"
1315,1119,5,13,439,"2016/8/13 20:32:35","2016/8/13 20:39:49",1,18688880315,"ª∆Œƒ–˘"
1204,1235,3,16,531,"2016/8/13 20:35:03","2016/8/13 20:53:37",1,18688880433,"∫˙¬ÿ√¿"
1133,1093,4,8,273,"2016/8/13 20:43:20","2016/8/13 20:56:30",1,18688880172,"∫´”ÍŒı"
1085,1165,6,10,202,"2016/8/13 20:57:24","2016/8/13 21:15:19",1,18688880131,"…Ú∑…"
768,1515,4,10,314,"2016/8/13 20:58:57","2016/8/13 21:08:24",1,18688880714,"—¶”Ò…˙"
579,1312,8,14,930,"2016/8/13 21:08:01","2016/8/13 21:12:13",1,18688880511,"π˙ ´Ê√"
1229,1559,5,14,432,"2016/8/13 21:12:26","2016/8/13 21:19:19",1,18688880758,"ÕıÀ∏Ê√"
1310,1165,2,14,791,"2016/8/13 21:22:15","2016/8/13 21:33:59",1,18688880294,"’≈√Œ—˛"
1318,1154,2,31,1076,"2016/8/13 21:39:08","2016/8/13 21:50:58",1,18688880227,"œ∞”¢∫≠"
1243,1217,2,5,170,"2016/8/13 21:43:40","2016/8/13 21:58:18",1,18688880416,"¿ÓÍª«´"
509,1174,5,11,481,"2016/8/13 21:47:32","2016/8/13 21:52:31",1,18688880353,"≥¬”Í–¿"
1075,1202,6,6,317,"2016/8/13 21:55:25","2016/8/13 22:04:33",1,18688880401,"–Ï”¿÷•"
1136,1096,4,6,251,"2016/8/13 21:57:52","2016/8/13 22:05:43",1,18688880175,"’≈ËÓ⁄æ"
809,1103,5,15,514,"2016/8/14 11:37:49","2016/8/14 11:40:49",1,18688880210,"πÿÕ•"
190,1480,6,10,378,"2016/8/14 11:40:07","2016/8/14 11:53:10",1,18688880679,"–¡∏˝√˜"
282,1521,6,13,734,"2016/8/14 11:45:07","2016/8/14 11:51:18",1,18688880720,"—¶ÊÎº—"
798,1218,2,3,127,"2016/8/14 11:47:46","2016/8/14 12:00:47",1,18688880417,"’‘”ÓÏ˜"
802,1528,2,7,604,"2016/8/14 12:02:39","2016/8/14 12:18:39",1,18688880727,"œƒ∫∆÷•"
783,1350,8,22,823,"2016/8/14 12:05:37","2016/8/14 12:22:24",1,18688880549,"›˛º“¥∫"
808,1133,3,9,262,"2016/8/14 12:09:25","2016/8/14 12:15:56",1,18688880262,"ÕıÀº◊ø"
839,1140,4,8,383,"2016/8/14 12:14:32","2016/8/14 12:24:41",1,18688880322,"∑Îœ˛Ê√"
340,1230,3,8,232,"2016/8/14 12:30:54","2016/8/14 12:34:21",1,18688880428,"…ÚΩ‹"
847,1457,8,17,745,"2016/8/14 12:32:27","2016/8/14 12:37:15",1,18688880656,"≈£”¿¡¢"
893,1581,2,6,355,"2016/8/14 12:35:31","2016/8/14 12:45:54",1,18688880780,"∏ﬂ»ÛÂ∑"
379,1189,8,16,604,"2016/8/14 12:37:06","2016/8/14 12:47:43",1,18688880368,"–ÏÁÊ"
787,1413,2,6,157,"2016/8/14 13:49:44","2016/8/14 14:05:01",1,18688880612,"◊øÃÏ“Ò"
718,1221,4,9,475,"2016/8/14 17:02:59","2016/8/14 17:13:42",1,18688880420,"’≈π‚Œı"
1062,1127,4,20,850,"2016/8/14 17:07:05","2016/8/14 17:19:16",1,18688880218,"”‡Ω≠ÃŒ"
723,1142,6,15,602,"2016/8/14 17:07:09","2016/8/14 17:22:06",1,18688880271,"’≈–ÒΩ≠"
1260,1265,2,15,628,"2016/8/14 17:08:29","2016/8/14 17:24:42",1,18688880463,"¿Ó ´‘œ"
1093,1471,8,6,267,"2016/8/14 17:31:29","2016/8/14 17:36:46",1,18688880670,"∑∂ÃÏ”Ó"
1092,1101,8,12,866,"2016/8/14 17:44:37","2016/8/14 17:55:51",1,18688880180,"∫˙◊”›Ê"
1018,1152,4,5,487,"2016/8/14 17:45:22","2016/8/14 17:51:43",1,18688880281,"∫˙ È—˛"
1052,1125,2,9,268,"2016/8/14 17:59:54","2016/8/14 18:05:55",1,18688880317,"÷‹◊”–˘"
1202,1122,8,7,156,"2016/8/14 18:03:21","2016/8/14 18:44:21",1,18688880316,"÷ÏÓ⁄"
1286,1235,5,22,667,"2016/8/14 18:04:58","2016/8/14 18:20:27",1,18688880433,"∫˙¬ÿ√¿"
1242,1353,4,19,979,"2016/8/14 18:06:23","2016/8/14 18:13:05",1,18688880552,"¬Û”±÷•"
1322,1323,6,13,635,"2016/8/14 18:15:13","2016/8/14 18:20:42",1,18688880522,"π¡¢Ωı"
1100,1167,3,15,628,"2016/8/14 18:17:51","2016/8/14 18:22:04",1,18688880296,"≈Ì◊”ÍÃ"
1101,1214,6,6,146,"2016/8/14 18:24:30","2016/8/14 18:38:03",1,18688880413,"…ÚºŒ“«"
1180,1461,6,21,665,"2016/8/14 18:33:19","2016/8/14 18:38:37",1,18688880660,"≈£∫Ï∫Ï"
1185,1172,5,16,814,"2016/8/14 18:34:53","2016/8/14 18:42:48",1,18688880351,"–Ï–¿”Ë"
543,1160,2,7,136,"2016/8/14 18:51:40","2016/8/14 19:04:12",1,18688880289,"ÀÔ‘£∫£"
1079,1333,2,15,829,"2016/8/14 19:14:11","2016/8/14 19:59:11",1,18688880532,"Œ¿≥¨"
1086,1512,6,16,865,"2016/8/14 19:15:35","2016/8/14 19:28:49",1,18688880711,"Œ∫ˆÃ±˘"
1289,1261,6,6,465,"2016/8/14 19:15:55","2016/8/14 19:19:50",1,18688880459,"ÀÔ”ÍœË"
1272,1155,6,11,360,"2016/8/14 19:30:21","2016/8/14 19:35:32",1,18688880327,"œ∞“ª±˘"
756,1147,3,5,328,"2016/8/14 19:33:43","2016/8/14 19:47:06",1,18688880125,"◊ø”¿√∑"
1112,1497,3,19,570,"2016/8/14 19:34:20","2016/8/14 19:49:06",1,18688880696,"≥Ã‘∆ÃÏ"
1280,1293,5,12,527,"2016/8/14 19:41:18","2016/8/14 19:48:31",1,18688880492,"∆—ÀÆ¡´"
1232,1185,8,12,646,"2016/8/14 19:42:02","2016/8/14 19:55:06",1,18688880364,"∫˙–«‘Û"
1059,1423,3,6,245,"2016/8/14 19:43:03","2016/8/14 19:53:03",1,18688880622,"∑∂∞¨ Ø"
1295,1130,4,29,953,"2016/8/14 19:49:01","2016/8/14 20:04:06",1,18688880259,"ÀÔø◊◊Œ"
1033,1084,2,33,1083,"2016/8/14 19:49:44","2016/8/14 20:04:50",1,18688880163,"’≈æ∏ˆ©"
1234,1359,6,14,746,"2016/8/14 19:54:05","2016/8/14 19:59:49",1,18688880558,"“◊º™‰–"
1279,1248,4,11,351,"2016/8/14 20:07:29","2016/8/14 20:17:18",1,18688880446,"∫˙∏ÇÃŒ"
1094,1088,7,23,769,"2016/8/14 20:15:01","2016/8/14 20:24:11",1,18688880205,"”⁄æ∏"
567,1406,6,14,456,"2016/8/14 20:15:08","2016/8/14 20:22:39",1,18688880605,"ƒ˛ÀÆ¡È"
1276,1516,4,8,500,"2016/8/14 20:21:38","2016/8/14 20:29:42",1,18688880715,"—¶√¿≥ø"
522,1379,8,7,165,"2016/8/14 20:36:34","2016/8/14 20:40:48",1,18688880578,"÷Ÿ÷æ«ø"
1296,1122,10,6,274,"2016/8/14 20:36:35","2016/8/14 20:48:01",1,18688880251,"‘¨÷æΩ‹"
1257,1566,5,14,989,"2016/8/14 20:51:23","2016/8/14 21:04:29",1,18688880765,"Õı∞Ó»®"
1048,1124,6,7,301,"2016/8/14 20:55:22","2016/8/14 20:27:22",1,18688880217,"÷‹Ó⁄ÕÆ"
904,1420,5,9,310,"2016/8/14 20:55:29","2016/8/14 21:03:55",1,18688880619,"“¸ø°È™"
1181,1604,6,25,799,"2016/8/14 20:56:54","2016/8/14 21:11:46",1,18688880803,"≤Ò…‚¡À"
1098,1560,6,9,210,"2016/8/14 21:04:55","2016/8/14 21:18:51",1,18688880759,"Õı”⁄üˆ"
1151,1363,6,15,933,"2016/8/14 21:12:41","2016/8/14 21:09:41",1,18688880562,"“◊◊œ–˘"
1073,1415,8,15,847,"2016/8/14 21:14:57","2016/8/14 21:27:02",1,18688880614,"◊ø‘ΩÓ»"
745,1549,8,14,915,"2016/8/14 21:18:14","2016/8/14 21:28:07",1,18688880748,"Õıø¬√»"
1168,1548,3,10,168,"2016/8/14 21:31:27","2016/8/14 21:38:55",1,18688880747,"Õı≈À≈À"
1035,1549,10,2,95,"2016/8/14 21:35:09","2016/8/14 21:39:46",1,18688880748,"Õıø¬√»"
1057,1551,5,4,196,"2016/8/14 21:39:06","2016/8/14 21:16:06",1,18688880750,"ÕıΩı≈Ù"
1071,1165,10,24,1282,"2016/8/14 21:41:04","2016/8/14 21:44:56",1,18688880131,"…Ú∑…"
1143,1158,2,7,199,"2016/8/14 21:57:33","2016/8/14 22:09:29",1,18688880287,"∫˙ºŒ„Î"
162,1538,10,18,1101,"2016/8/15 11:16:03","2016/8/15 11:35:03",1,18688880737,"≤Ã”ÍÕ©"
277,1231,2,5,149,"2016/8/15 11:28:56","2016/8/15 11:46:56",1,18688880429,"ÀÔÎ˜"
173,1486,4,12,336,"2016/8/15 12:09:39","2016/8/15 12:23:39",1,18688880685,"–Ã–«‘®"
280,1522,2,5,170,"2016/8/15 12:24:47","2016/8/15 12:43:47",1,18688880721,"—¶±Û—”"
272,1007,5,13,469,"2016/8/15 12:59:37","2016/8/15 13:05:39",1,18688880026,"‘¯ƒÓœ¶"
715,1334,2,6,143,"2016/8/15 17:00:57","2016/8/15 17:18:57",1,18688880533,"◊øº—ƒ˝"
550,1118,3,7,157,"2016/8/15 17:46:04","2016/8/15 18:02:29",1,18688880197,"∫˙µ˚"
544,1084,2,7,277,"2016/8/15 17:55:22","2016/8/15 18:07:08",1,18688880104,"Œ‚«Ô”Í"
754,1149,4,10,338,"2016/8/15 17:56:29","2016/8/15 18:14:29",1,18688880278,"√´ª€"
648,1097,6,17,807,"2016/8/15 18:34:42","2016/8/15 18:39:42",1,18688880176,"”⁄∫ÍŒ∞"
698,1126,8,17,720,"2016/8/15 18:58:58","2016/8/15 19:04:56",1,18688880118,"”‡º—–¿"
625,1085,4,19,767,"2016/8/15 19:15:45","2016/8/15 19:26:45",1,18688880164,"∫˙Ω®"
497,1222,7,12,781,"2016/8/15 19:42:51","2016/8/15 19:51:51",1,18688880421,"…Ú¡¢π˙"
644,1161,3,5,309,"2016/8/15 20:37:21","2016/8/15 20:47:21",1,18688880290,"‘¨Íª"
646,1582,6,9,307,"2016/8/15 20:37:51","2016/8/15 20:52:51",1,18688880781,"∏ﬂºŒ∫≠"
664,1311,6,18,560,"2016/8/15 20:46:17","2016/8/15 20:55:17",1,18688880510,"π˙Ó£œˆ"
743,1090,10,16,1214,"2016/8/15 21:07:16","2016/8/15 21:26:16",1,18688880169,"¿Ó◊”≥Ω"
766,1156,6,14,702,"2016/8/15 21:35:35","2016/8/15 21:42:35",1,18688880285,"’≈∑º”Ô"
689,1090,5,6,353,"2016/8/15 21:48:20","2016/8/15 21:59:20",1,18688880106,"«¸œÕ"
459,1202,8,14,773,"2016/8/15 21:54:40","2016/8/15 22:07:30",1,18688880401,"–Ï”¿÷•"
353,984,3,5,163,"2016/8/16 13:05:54","2016/8/16 13:12:54",1,18688880003,"’≈Ω®ÃŒ"
172,1590,3,8,242,"2016/8/16 13:56:28","2016/8/16 14:08:29",1,18688880789,"∏ﬂË˜Œ»"
728,1562,8,19,823,"2016/8/16 17:13:58","2016/8/16 17:29:58",1,18688880761,"Õı ˜≈Û"
553,1088,6,13,406,"2016/8/16 17:18:19","2016/8/16 17:24:19",1,18688880205,"”⁄æ∏"
542,1154,3,9,281,"2016/8/16 17:30:34","2016/8/16 17:49:34",1,18688880283,"¿ÓÀº∂˜"
535,1179,7,6,128,"2016/8/16 18:21:47","2016/8/16 18:31:47",1,18688880358,"–Ï»Ù«Á"
744,1403,3,5,229,"2016/8/16 18:44:13","2016/8/16 18:59:13",1,18688880602,"’¬Í≈—˛"
738,1133,10,22,1027,"2016/8/16 20:03:54","2016/8/16 20:12:54",1,18688880220,"¬Ω¿ˆ¥Ô"
758,1223,7,18,770,"2016/8/16 21:04:04","2016/8/16 21:10:39",1,18688880422,"ÀÔ“¸›Ê"
770,1094,2,7,225,"2016/8/16 21:08:28","2016/8/16 21:27:28",1,18688880207,"¿Ó–°∂´"
727,1198,2,6,153,"2016/8/16 21:15:55","2016/8/16 21:24:55",1,18688880377,"ÀÔ≥ø–Ò"
196,1545,6,13,420,"2016/8/17 11:29:49","2016/8/17 11:49:49",1,18688880744,"ƒ™ª∂"
195,1252,6,16,652,"2016/8/17 11:45:44","2016/8/17 11:54:44",1,18688880450,"ÀÔ«Â»™"
397,1347,5,10,460,"2016/8/17 12:39:52","2016/8/17 12:59:52",1,18688880546,"›˛‘À≥¨"
304,1468,2,7,200,"2016/8/17 13:15:15","2016/8/17 13:21:15",1,18688880667,"∑∂’Ò–˘"
401,1456,10,6,172,"2016/8/17 13:26:15","2016/8/17 13:42:15",1,18688880655,"≈£≥£¿÷"
404,1169,4,15,788,"2016/8/17 13:58:05","2016/8/17 14:07:35",1,18688880298,"ÀÔÓÏ‰™"
707,1107,8,24,1060,"2016/8/17 18:07:05","2016/8/17 18:18:05",1,18688880186,"∫˙…–Ωø"
729,1372,3,11,238,"2016/8/17 18:14:34","2016/8/17 18:21:34",1,18688880571,"“◊∞”‹‰"
494,1310,10,15,405,"2016/8/17 18:15:44","2016/8/17 18:30:44",1,18688880509,"π˙◊”∏Í"
513,1166,8,13,784,"2016/8/17 18:34:44","2016/8/17 18:40:44",1,18688880231,"’≈¥Û≈Ù"
520,1099,4,7,282,"2016/8/17 18:40:13","2016/8/17 18:56:13",1,18688880109,"∏ﬂ¿◊"
482,1120,7,18,861,"2016/8/17 18:55:30","2016/8/17 19:07:50",1,18688880116,"÷ÏŸª—©"
528,1033,7,9,475,"2016/8/17 19:13:24","2016/8/17 19:31:24",1,18688880052,"–Ï«Á"
597,1545,4,9,293,"2016/8/17 19:30:49","2016/8/17 19:43:49",1,18688880744,"ƒ™ª∂"
724,1130,8,15,845,"2016/8/17 19:53:41","2016/8/17 20:02:34",1,18688880219,"œƒÍª»ª"
495,1149,3,9,386,"2016/8/17 20:13:12","2016/8/17 20:24:12",1,18688880325,"◊ø»®∫∫"
632,1440,2,10,140,"2016/8/17 20:25:28","2016/8/17 20:33:28",1,18688880639,"√Á”Íπ»"
653,1171,6,12,598,"2016/8/17 21:26:22","2016/8/17 21:41:22",1,18688880350,"’≈∆Ω"
760,1306,6,10,482,"2016/8/17 21:55:42","2016/8/17 22:12:46",1,18688880505,"…≥¿ "
182,994,5,8,251,"2016/8/18 11:30:23","2016/8/18 11:36:02",1,18688880013,"¡ı¿÷—˛"
426,1067,6,26,1053,"2016/8/18 13:00:37","2016/8/18 13:19:14",1,18688880092,"∑Ω©Œƒ"
258,1282,6,13,474,"2016/8/18 13:20:13","2016/8/18 13:24:33",1,18688880481,"»Œ”ÍŒƒ"
685,1117,4,16,617,"2016/8/18 17:18:18","2016/8/18 17:35:13",1,18688880115,"ª∆ø…“√"
645,1479,4,15,695,"2016/8/18 17:22:16","2016/8/18 17:38:16",1,18688880678,"–¡¿Ò–¢"
506,1134,2,8,397,"2016/8/18 17:26:28","2016/8/18 17:40:55",1,18688880263,"∫˙ÕÒ¨B"
442,1563,8,17,630,"2016/8/18 18:05:04","2016/8/18 18:08:50",1,18688880762,"Õı ´√Ó"
713,1162,2,8,159,"2016/8/18 18:51:54","2016/8/18 19:06:50",1,18688880291,"’‘√œ¥∫"
736,1154,4,6,410,"2016/8/18 18:51:57","2016/8/18 18:59:39",1,18688880227,"œ∞”¢∫≠"
525,1160,6,10,223,"2016/8/18 19:35:58","2016/8/18 19:45:21",1,18688880289,"ÀÔ‘£∫£"
633,1111,8,7,163,"2016/8/18 19:40:11","2016/8/18 19:48:28",1,18688880113,"Ã∆µ§µ§"
514,1167,10,18,728,"2016/8/18 19:49:25","2016/8/18 20:05:50",1,18688880331,"’≈ƒ»"
538,1309,6,7,126,"2016/8/18 19:57:02","2016/8/18 20:12:09",1,18688880508,"…≥Á˘"
725,1236,5,10,506,"2016/8/18 19:57:40","2016/8/18 20:09:20",1,18688880434,"ÀÔ’‹Â´"
640,1291,2,9,409,"2016/8/18 20:12:51","2016/8/18 20:27:46",1,18688880490,"∆—Ÿ‚"
485,1266,9,10,379,"2016/8/18 20:19:40","2016/8/18 20:24:56",1,18688880464,"‘¨‘Û—Û"
581,1262,8,9,233,"2016/8/18 20:42:50","2016/8/18 20:53:34",1,18688880460,"–Ïª€Ë§"
445,1102,8,17,735,"2016/8/18 20:49:13","2016/8/18 21:02:14",1,18688880181,"≥¬Ó⁄”±"
708,1173,5,16,551,"2016/8/18 21:10:35","2016/8/18 21:17:53",1,18688880352,"∫˙“‚¡÷"
596,1217,4,8,699,"2016/8/18 21:29:33","2016/8/18 21:43:06",1,18688880416,"¿ÓÍª«´"
564,1302,2,20,679,"2016/8/18 21:52:16","2016/8/18 22:01:56",1,18688880501,"ƒæ≤©Ω˜"
807,1575,2,7,161,"2016/8/19 12:37:01","2016/8/21 12:40:26",1,18688880774,"∏ﬂÕ˚∫„"
380,1587,8,16,763,"2016/8/19 13:25:20","2016/8/19 13:41:45",1,18688880786,"∏ﬂˆŒ‘¥"
440,1462,5,7,154,"2016/8/19 17:05:09","2016/8/19 17:14:25",1,18688880661,"≈£ŒÁÕÆ"
602,1385,6,12,644,"2016/8/19 17:19:39","2016/8/19 17:22:47",1,18688880584,"Ò˚—Ù÷æ"
583,1290,4,13,744,"2016/8/19 18:00:17","2016/8/19 18:15:44",1,18688880489,"∆—∫…"
1020,1151,2,13,605,"2016/8/19 18:33:39","2016/8/21 18:48:41",1,18688880226,"¿‰÷æ∂¨"
480,1071,2,5,112,"2016/8/19 18:47:13","2016/8/19 18:51:26",1,18688880096,"Ω™ƒ›ƒ›"
624,1098,2,14,648,"2016/8/19 18:49:24","2016/8/19 19:00:34",1,18688880177,"’‘‘¬∫≠"
769,1102,8,26,810,"2016/8/19 19:49:48","2016/8/19 20:07:39",1,18688880110,"πÿø≠‘¬"
605,1472,6,9,843,"2016/8/19 20:01:27","2016/8/19 20:05:39",1,18688880671,"∑∂Ω…º"
490,1338,6,12,703,"2016/8/19 20:03:40","2016/8/19 20:17:40",1,18688880537,"◊ø–°≥˛"
586,1103,10,17,471,"2016/8/19 20:29:53","2016/8/19 20:44:29",1,18688880182,"’‘÷¬‘∂"
526,1203,8,6,380,"2016/8/19 20:45:55","2016/8/19 20:58:46",1,18688880402,"¿Óø°"
560,1194,5,15,617,"2016/8/19 20:55:51","2016/8/21 21:07:41",1,18688880373,"∂≠–À"
1043,1550,5,7,133,"2016/8/19 21:04:58","2016/8/29 21:10:34",1,18688880749,"Õı‹∑»„"
612,1548,10,9,723,"2016/8/19 21:11:30","2016/8/19 21:21:27",1,18688880747,"Õı≈À≈À"
621,1549,7,14,752,"2016/8/19 21:16:08","2016/8/19 21:20:10",1,18688880748,"Õıø¬√»"
746,1550,6,16,843,"2016/8/19 21:29:04","2016/8/19 21:44:36",1,18688880749,"Õı‹∑»„"
503,1551,2,11,407,"2016/8/19 21:46:56","2016/8/19 21:56:32",1,18688880750,"ÕıΩı≈Ù"
714,1342,6,16,452,"2016/8/19 21:53:44","2016/8/19 21:58:36",1,18688880541,"¿‰∑Ó–•"
420,1509,10,17,837,"2016/8/20 11:03:48","2016/8/20 11:10:25",1,18688880708,"Œ∫Ï”≤˝"
900,1215,6,11,632,"2016/8/20 11:13:35","2016/8/20 11:45:35",1,18688880414,"ÀÔ“Ó©"
851,986,6,12,301,"2016/8/20 11:15:06","2016/8/20 11:22:23",1,18688880005,"ƒ™◊”Ω®"
795,1091,3,6,374,"2016/8/20 11:16:48","2016/8/20 11:33:31",1,18688880206,"«¸ª€∑º"
832,1176,8,18,698,"2016/8/20 11:23:58","2016/8/20 11:34:36",1,18688880355,"Œ∫¿÷"
813,1431,10,19,1018,"2016/8/20 11:34:38","2016/8/20 11:52:32",1,18688880630,"∞¸¥Ô∑∆"
857,1517,6,15,694,"2016/8/20 11:45:59","2016/8/20 11:57:21",1,18688880716,"—¶“¿»ª"
896,1289,8,15,744,"2016/8/20 11:52:34","2016/8/20 12:02:02",1,18688880488,"∆—±˘∫Ø"
860,1118,2,3,133,"2016/8/20 12:06:54","2016/8/20 12:09:17",1,18688880215,"ª∆«‡‹ø"
290,982,2,4,92,"2016/8/20 12:08:07","2016/8/20 12:09:36",1,18688880001,"“∂“‡ø≠"
895,984,8,11,585,"2016/8/20 12:14:38","2016/8/20 12:26:09",1,18688880003,"’≈Ω®ÃŒ"
869,1576,4,13,311,"2016/8/20 12:18:02","2016/8/20 12:30:21",1,18688880775,"∏ﬂÊ∫Á˜"
876,1271,6,15,445,"2016/8/20 12:18:21","2016/8/20 12:30:10",1,18688880469,"∫˙ƒæ¡¡"
803,1307,10,11,1000,"2016/8/20 12:21:05","2016/8/20 12:21:05",1,18688880506,"…≥≥ø‘Û"
845,1524,5,12,350,"2016/8/20 12:22:07","2016/8/20 12:28:58",1,18688880723,"œƒ‰¥ÏÔ"
859,1394,4,9,300,"2016/8/20 12:23:35","2016/8/20 12:32:05",1,18688880593,"Ã’ƒ˛"
788,1407,3,12,484,"2016/8/20 12:32:40","2016/8/20 12:47:59",1,18688880606,"ƒ˛÷«Ó£"
852,1391,8,25,971,"2016/8/20 12:33:37","2016/8/20 12:42:37",1,18688880590,"Ã’◊œ»Ω"
793,1086,6,17,887,"2016/8/20 12:34:12","2016/8/20 12:19:12",1,18688880304,"’≈–°”Í"
811,1555,2,5,227,"2016/8/20 12:35:11","2016/8/20 12:51:45",1,18688880754,"Õı”ÍÊ√"
873,1483,8,18,704,"2016/8/20 12:35:40","2016/8/20 12:51:51",1,18688880682,"–Ã–¿‘√"
216,996,4,8,303,"2016/8/20 12:37:35","2016/8/20 12:47:42",1,18688880015,"’≈’——Ù"
828,1294,5,16,593,"2016/8/20 12:53:34","2016/8/20 13:10:58",1,18688880493,"∆—◊”–˙"
810,1335,4,9,256,"2016/8/20 13:22:34","2016/8/20 13:27:07",1,18688880534,"¿‰œ˛·∞"
804,1154,4,7,307,"2016/8/20 13:25:10","2016/8/20 13:32:05",1,18688880227,"œ∞”¢∫≠"
862,1010,2,6,167,"2016/8/20 13:39:10","2016/8/20 13:49:48",1,18688880029,"‘¨º“»Ô"
287,1179,3,7,261,"2016/8/20 13:41:41","2016/8/20 13:50:14",1,18688880358,"–Ï»Ù«Á"
833,1429,8,22,823,"2016/8/20 13:50:53","2016/8/19 13:55:56",1,18688880628,"≈£”Í›Ê"
1241,1021,7,26,675,"2016/8/20 17:04:01","2016/8/20 17:11:56",1,18688880040,"“∂‰Ï“›"
1056,1298,8,8,317,"2016/8/20 17:10:15","2016/8/20 17:21:45",1,18688880497,"‘≠≥Ã–ƒ"
1270,1153,4,12,663,"2016/8/20 17:15:43","2016/8/20 17:34:46",1,18688880127,"œ∞”–œ´"
1321,1078,6,7,458,"2016/8/20 17:25:33","2016/8/20 17:30:10",1,18688880102,"¬…≤®"
1015,1237,5,20,1134,"2016/8/20 17:40:03","2016/8/20 17:56:28",1,18688880435,"’≈ï«Œı"
487,987,8,10,739,"2016/8/20 17:51:45","2016/8/20 17:56:45",1,18688880006,"“◊◊”Ïß"
1255,1417,8,12,446,"2016/8/20 17:57:48","2016/8/20 17:26:48",1,18688880616,"“¸ø°œ©"
1235,1083,8,12,605,"2016/8/20 17:59:14","2016/8/20 18:15:04",1,18688880303,"’≈º«±¶"
1198,1121,3,21,623,"2016/8/20 18:06:46","2016/8/20 18:20:37",1,18688880216,"÷Ï“‡ø…"
1072,1301,6,18,688,"2016/8/20 18:07:41","2016/8/20 18:31:41",1,18688880500,"ƒæÀ´“‰"
629,1267,2,13,349,"2016/8/20 18:10:21","2016/8/20 18:23:30",1,18688880465,"ÀÔÕ¢—Ù"
1244,1433,4,15,404,"2016/8/20 18:14:29","2016/8/20 18:24:05",1,18688880632,"∞¸≥–Íª"
1102,1199,2,8,511,"2016/8/20 18:15:28","2016/8/20 18:21:53",1,18688880378,"’‘—Â±˘"
771,1195,6,12,517,"2016/8/20 18:28:03","2016/8/20 18:35:28",1,18688880374,"’≈œ˛∑º"
1161,1157,4,4,148,"2016/8/20 18:29:48","2016/8/20 18:34:31",1,18688880228,"∞¨…Ÿ–€"
1119,1216,3,15,1212,"2016/8/20 18:37:02","2016/8/20 18:47:09",1,18688880415,"¥ﬁ∫∆ÍÕ"
720,1325,6,15,591,"2016/8/20 18:40:19","2016/8/20 18:52:45",1,18688880524,"Œ¿∫∆∫∆"
1324,1380,8,13,438,"2016/8/20 18:52:02","2016/8/20 18:59:39",1,18688880579,"÷Ÿœ˛∫≠"
1099,1218,6,10,284,"2016/8/20 18:56:16","2016/8/20 19:04:59",1,18688880417,"’‘”ÓÏ˜"
903,1014,5,7,173,"2016/8/20 19:00:50","2016/8/20 19:16:47",1,18688880033,"–Ì∏ﬂ—Ù"
1294,1127,4,25,1111,"2016/8/20 19:02:58","2016/8/20 19:21:52",1,18688880218,"”‡Ω≠ÃŒ"
436,989,4,9,403,"2016/8/20 19:03:59","2016/8/20 19:13:25",1,18688880008,"Ã∆¿Ú"
1238,1205,5,12,306,"2016/8/20 19:09:03","2016/8/20 19:15:08",1,18688880404,"’≈∫≠∫Ø"
1217,1015,2,12,456,"2016/8/20 19:11:40","2016/8/20 19:24:08",1,18688880034,"‘¨Ïı∆Ù"
1231,1257,5,13,672,"2016/8/20 19:12:03","2016/8/20 19:18:47",1,18688880455,"¥ﬁ¡’"
1239,1124,8,19,958,"2016/8/20 19:16:34","2016/8/20 19:32:46",1,18688880253,"∫˙Íœ"
1141,1567,4,15,281,"2016/8/20 19:36:17","2016/8/20 19:47:50",1,18688880766,"Õı÷æ”Ó"
1265,1475,8,9,238,"2016/8/20 19:37:25","2016/8/20 19:49:09",1,18688880674,"–¡À∂"
530,1316,8,4,342,"2016/8/20 19:44:15","2016/8/20 19:49:21",1,18688880515,"º™∏Ò“‰"
1137,1535,3,11,436,"2016/8/20 19:49:43","2016/8/20 19:56:25",1,18688880734,"≤Ã”ÍË∫"
1081,1401,6,20,1066,"2016/8/20 19:52:07","2016/8/20 20:08:06",1,18688880600,"’¬¥∫ª™"
1077,1126,8,4,397,"2016/8/20 20:12:09","2016/8/20 20:20:28",1,18688880118,"”‡º—–¿"
1195,1588,4,4,158,"2016/8/20 20:16:01","2016/8/20 20:31:01",1,18688880787,"∏ﬂ∫∆Ìµ"
463,1355,6,5,245,"2016/8/20 20:23:47","2016/8/20 20:27:14",1,18688880554,"”»ª€”¢"
1261,1363,10,12,472,"2016/8/20 20:23:49","2016/8/20 20:30:51",1,18688880562,"“◊◊œ–˘"
1210,1161,8,5,288,"2016/8/20 20:34:53","2016/8/20 20:45:28",1,18688880290,"‘¨Íª"
1016,1578,3,10,346,"2016/8/20 20:35:51","2016/8/20 20:47:51",1,18688880777,"∏ﬂ”Ò≥Ω"
1175,1541,7,15,746,"2016/8/20 20:37:18","2016/8/20 20:52:54",1,18688880740,"≤Ã‘ÛË∫"
1306,1120,10,18,613,"2016/8/20 20:38:27","2016/8/20 20:55:27",1,18688880116,"÷ÏŸª—©"
1106,1190,8,9,450,"2016/8/20 20:42:18","2016/8/20 20:56:45",1,18688880369,"’‘Í…”Ò"
1152,1422,5,19,641,"2016/8/20 20:45:36","2016/8/20 20:48:56",1,18688880621,"∑∂–˘÷Ò"
1183,1130,6,6,308,"2016/8/20 20:49:07","2016/8/20 21:05:05",1,18688880219,"œƒÍª»ª"
1247,1386,6,5,160,"2016/8/20 20:50:16","2016/8/20 21:06:54",1,18688880585,"œ∞Ω÷«"
1163,1537,8,10,286,"2016/8/20 21:05:42","2016/8/20 21:16:55",1,18688880736,"≤Ã—ßË∫"
1292,1093,8,17,667,"2016/8/20 21:12:10","2016/8/20 21:19:06",1,18688880107,"¿ÓŒßŒß"
1051,1573,6,33,835,"2016/8/20 21:22:49","2016/8/20 21:38:34",1,18688880772,"∏ﬂË˜Â¢"
1154,1012,6,7,309,"2016/8/20 21:31:26","2016/8/20 21:41:09",1,18688880031,"≤Ò∫Ë∑…"
1179,1414,2,19,587,"2016/8/20 21:35:14","2016/8/20 21:41:22",1,18688880613,"◊øœÚ»Ÿ"
1080,1150,6,12,537,"2016/8/20 21:38:18","2016/8/20 21:41:15",1,18688880279,"∫˙Ïœ"
1192,1147,8,18,733,"2016/8/20 21:48:29","2016/8/20 21:52:05",1,18688880125,"◊ø”¿√∑"
1125,1110,2,18,826,"2016/8/20 21:53:26","2016/8/20 22:09:37",1,18688880189,"∞◊≥ΩÙÀ"
431,1579,4,16,1031,"2016/8/21 11:16:07","2016/8/21 11:29:48",1,18688880778,"∏ﬂ„¸œË"
815,1435,6,14,707,"2016/8/21 11:30:12","2016/8/21 11:48:26",1,18688880634,"∞¸º“√˙"
879,1180,10,18,955,"2016/8/21 11:33:04","2016/8/21 11:40:51",1,18688880359,"∫˙Ïß”Í"
370,1121,6,11,512,"2016/8/21 11:47:38","2016/8/21 11:55:08",1,18688880216,"÷Ï“‡ø…"
425,1114,3,6,195,"2016/8/21 11:53:19","2016/8/21 12:01:11",1,18688880114,"‘¯“´—Ô"
784,1481,6,11,706,"2016/8/21 11:57:11","2016/8/21 12:01:34",1,18688880680,"–¡Â˚—Ù"
877,1589,3,8,186,"2016/8/21 12:10:43","2016/8/21 12:21:21",1,18688880788,"∏ﬂ±˛µ¬"
212,1283,2,5,189,"2016/8/21 12:26:44","2016/8/21 12:39:02",1,18688880482,"»Œ”Ò”®"
286,993,2,5,131,"2016/8/21 12:38:54","2016/8/21 12:50:41",1,18688880012,"—Ó“¿›Ê"
200,1340,2,4,131,"2016/8/21 13:02:50","2016/8/21 13:11:16",1,18688880539,"¿‰∫ÏŒ¿"
792,1583,4,8,353,"2016/8/21 13:20:40","2016/8/21 13:26:45",1,18688880782,"∏ﬂ≈‡‰ø"
888,1113,4,8,297,"2016/8/21 13:43:07","2016/8/21 13:46:31",1,18688880313,"Ã∆—≈ºŒ"
278,1591,2,4,108,"2016/8/21 13:43:32","2016/8/21 13:40:32",1,18688880790,"∏ﬂø°Œı"
794,1352,8,20,955,"2016/8/21 13:45:04","2016/8/21 13:52:02",1,18688880551,"¬Û“ª∑Ú"
820,1584,4,10,383,"2016/8/21 13:46:25","2016/8/21 14:00:22",1,18688880783,"∏ﬂ∫ËŒƒ"
884,1383,8,13,800,"2016/8/21 13:56:29","2016/8/21 14:07:04",1,18688880582,"Ò˚Ωπ"
790,1362,4,16,425,"2016/8/21 13:57:04","2016/8/21 14:11:10",1,18688880561,"“◊ø¬–˘"
791,1288,2,8,301,"2016/8/21 14:00:31","2016/8/21 14:11:02",1,18688880487,"∆—¥Ô÷«"
1089,1272,4,12,536,"2016/8/21 17:12:38","2016/8/21 17:22:17",1,18688880470,"ÀÔ∫È≤®"
1248,1239,6,22,802,"2016/8/21 17:48:01","2016/8/21 17:58:20",1,18688880437,"’‘ŒƒËÂ"
1254,1127,2,13,505,"2016/8/21 17:48:07","2016/8/21 18:01:18",1,18688880218,"”‡Ω≠ÃŒ"
529,1418,6,9,455,"2016/8/21 18:02:17","2016/8/21 18:33:17",1,18688880617,"“¸æØ‘æ"
1118,1513,2,8,637,"2016/8/21 18:03:18","2016/8/21 18:15:51",1,18688880712,"—¶≤©ˆ©"
1055,1090,6,15,633,"2016/8/21 18:06:39","2016/8/21 18:22:56",1,18688880106,"«¸œÕ"
1172,1373,4,7,259,"2016/8/21 18:07:46","2016/8/21 18:15:11",1,18688880572,"“◊¡™∑º"
1153,1142,6,23,800,"2016/8/21 18:16:32","2016/8/21 18:33:05",1,18688880223,"¿∂’Òπ˙"
580,1400,2,12,755,"2016/8/21 18:19:11","2016/8/21 18:31:01",1,18688880599,"Àæ÷æøµ"
1206,1081,8,14,623,"2016/8/21 18:25:03","2016/8/21 18:38:37",1,18688880103,"’≈±¶"
1285,1388,5,8,238,"2016/8/21 18:25:16","2016/8/21 18:34:50",1,18688880587,"œ∞≥Ω–˘"
1030,1354,6,20,868,"2016/8/21 18:26:22","2016/8/21 18:47:22",1,18688880553,"”»Ïø∑È"
1022,1092,5,9,341,"2016/8/21 18:29:41","2016/8/21 18:39:35",1,18688880306,"«¸ø°"
1006,1295,6,16,678,"2016/8/21 18:31:20","2016/8/21 18:47:40",1,18688880494,"‘≠›Ì·∞"
1246,1330,6,23,631,"2016/8/21 18:42:25","2016/8/21 18:57:39",1,18688880529,"Œ¿ÃÏ¿⁄"
1218,1529,6,20,840,"2016/8/21 18:43:29","2016/8/21 18:54:25",1,18688880728,"œƒ´hÁ˜"
1144,1542,3,7,272,"2016/8/21 18:45:12","2016/8/21 18:56:19",1,18688880741,"≤Ãﬁ»∫≠"
449,1167,2,6,137,"2016/8/21 18:58:53","2016/8/21 19:03:55",1,18688880331,"’≈ƒ»"
489,1147,5,7,318,"2016/8/21 18:58:56","2016/8/21 19:04:10",1,18688880125,"◊ø”¿√∑"
1205,1150,6,13,492,"2016/8/21 19:08:05","2016/8/21 19:15:04",1,18688880126,"√ÁŒı¬Â"
1028,1136,2,20,1270,"2016/8/21 19:09:18","2016/8/21 19:24:10",1,18688880221,"∑Ω»„æ˝"
1253,1129,6,8,308,"2016/8/21 19:12:41","2016/8/21 19:22:19",1,18688880119,"—¶©"
1277,1130,6,10,324,"2016/8/21 19:13:02","2016/8/21 19:28:21",1,18688880219,"œƒÍª»ª"
1262,1141,6,12,771,"2016/8/21 19:22:11","2016/8/21 19:30:27",1,18688880123,"¿∂√Œ¡’"
1215,1151,2,20,672,"2016/8/21 19:28:43","2016/8/21 19:38:51",1,18688880226,"’‘¥Á„„"
1233,1009,4,16,631,"2016/8/21 19:48:45","2016/8/21 20:02:37",1,18688880028,"Õı‘Ω≥ø"
1155,1143,8,23,680,"2016/8/21 19:49:07","2016/8/21 20:06:26",1,18688880323,"¬∑”Á˜"
1023,1094,2,7,409,"2016/8/21 19:58:57","2016/8/21 20:07:55",1,18688880207,"¿Ó–°∂´"
1291,1126,6,16,508,"2016/8/21 20:11:58","2016/8/21 20:28:54",1,18688880118,"”‡º—–¿"
1236,1091,4,17,625,"2016/8/21 20:13:48","2016/8/21 20:22:38",1,18688880206,"√Á”Ó‘Û"
1032,1102,8,17,1072,"2016/8/21 20:23:50","2016/8/21 20:40:15",1,18688880110,"Ã’Œ‰À…"
1222,1086,3,15,326,"2016/8/21 20:25:19","2016/8/21 20:32:49",1,18688880304,"Ωπ…Ÿ«Â"
1221,1135,5,22,669,"2016/8/21 20:26:32","2016/8/21 20:41:16",1,18688880121,"›˛Àº‘¥"
1117,1120,8,9,783,"2016/8/21 20:27:49","2016/8/21 20:34:18",1,18688880116,"÷ÏŸª—©"
908,1006,6,9,655,"2016/8/21 20:44:08","2016/8/21 20:53:38",1,18688880025,"÷£æ∞√˜"
471,1014,2,13,608,"2016/8/21 20:47:12","2016/8/21 20:52:54",1,18688880033,"–Ì∏ﬂ—Ù"
1047,1029,4,11,421,"2016/8/21 20:56:13","2016/8/21 21:02:50",1,18688880048,"Œƒ»Ùƒ˝"
1122,1076,6,16,586,"2016/8/21 21:01:56","2016/8/21 21:42:56",1,18688880201,"–ÃŒ¬√Ø"
1042,1089,6,11,491,"2016/8/21 21:03:21","2016/8/21 21:16:03",1,18688880305,"∫˙ππ⁄"
1252,1030,6,8,349,"2016/8/21 21:04:04","2016/8/21 21:09:54",1,18688880049,"∏ﬂ≥Ω¿§"
1124,1077,5,14,487,"2016/8/21 21:15:04","2016/8/21 21:18:12",1,18688880301,"”Ò–°Ÿª"
1237,1132,2,17,587,"2016/8/21 21:18:27","2016/8/21 21:30:55",1,18688880120,"◊ø‘ΩÓ»"
608,1079,6,20,809,"2016/8/21 21:29:31","2016/8/21 21:41:50",1,18688880202,"¬…Ω£≤®"
1150,1008,8,29,1062,"2016/8/21 21:38:09","2016/8/21 21:44:49",1,18688880027,"œƒΩ≠¿§"
531,1115,6,6,331,"2016/8/21 21:42:48","2016/8/21 21:51:48",1,18688880214,"‘¯ª€"
709,1119,4,9,378,"2016/8/21 21:44:24","2016/8/21 21:48:20",1,18688880315,"≥Ã‘®"
1130,1134,4,5,97,"2016/8/21 21:53:54","2016/8/21 22:02:22",1,18688880320,"∞¸œ˛≤®"
1199,1128,6,8,192,"2016/8/21 21:55:17","2016/8/21 22:04:40",1,18688880318,"√œË¥"
187,1001,8,17,762,"2016/8/22 11:37:04","2016/8/22 11:48:42",1,18688880020,"–Ã–¿µ¬"
410,1131,2,9,347,"2016/8/22 11:50:08","2016/8/22 12:01:24",1,18688880319,"∏ﬂø…»®"
388,1068,10,16,505,"2016/8/22 13:29:05","2016/8/22 13:43:39",1,18688880093,"¬¿–¿»ª"
307,1002,3,7,303,"2016/8/22 13:29:10","2016/8/22 13:34:51",1,18688880021,"¿‰Ω£∑Â"
566,1091,3,8,250,"2016/8/22 17:03:03","2016/8/22 17:08:42",1,18688880206,"√Á”ÓÏ≈"
665,1103,7,15,677,"2016/8/22 17:06:19","2016/8/22 17:53:19",1,18688880210,"“◊º—∫¿"
691,1087,10,8,363,"2016/8/22 17:08:55","2016/8/22 17:15:50",1,18688880105,"Õıæ≤"
559,1027,8,15,562,"2016/8/22 17:39:17","2016/8/22 17:45:49",1,18688880046,"¬∑Ω®”¬"
532,1116,9,4,255,"2016/8/22 17:47:12","2016/8/22 18:02:40",1,18688880314,"¿‰¬¸"
767,1137,4,8,473,"2016/8/22 18:24:03","2016/8/22 18:41:29",1,18688880321,"∑ΩŒ∞"
477,1086,2,11,558,"2016/8/22 18:32:52","2016/8/22 18:38:50",1,18688880304,"ΩπΩ∆Ï"
626,1076,3,11,578,"2016/8/22 19:35:32","2016/8/22 19:50:52",1,18688880201,"–ÃÀºÌµ"
493,1100,8,4,153,"2016/8/22 20:18:59","2016/8/22 20:19:59",1,18688880209,"Œ⁄≤©¬◊"
717,1101,8,13,712,"2016/8/22 20:19:57","2016/8/22 20:29:59",1,18688880309,"∏ﬂ¡ÿ"
499,1157,4,10,337,"2016/8/22 21:56:20","2016/8/22 22:08:05",1,18688880228,"’‘◊”Ïœ"
217,1033,6,15,579,"2016/8/23 12:13:40","2016/8/23 12:21:28",1,18688880052,"‘¨º—”Ò"
305,1008,2,8,144,"2016/8/23 12:15:35","2016/8/23 12:32:35",1,18688880027,"œƒ∫Í¡÷"
279,1031,2,5,267,"2016/8/23 12:19:41","2016/8/23 12:28:03",1,18688880050,"Ã’Á˘«Ÿ"
318,993,8,17,958,"2016/8/23 12:20:21","2016/8/23 12:27:39",1,18688880012,"—Ó“¿›Ê"
204,1073,5,13,532,"2016/8/23 12:20:26","2016/8/23 12:35:32",1,18688880098,"∫˙Ω®"
321,1001,4,14,369,"2016/8/23 12:27:15","2016/8/23 12:35:40",1,18688880020,"»Œ”ÍŒƒ"
435,1071,8,11,398,"2016/8/23 13:05:29","2016/8/23 13:28:29",1,18688880096,"π˘œ˛œ˛"
252,1034,2,5,111,"2016/8/23 13:10:43","2016/8/23 13:17:07",1,18688880053,"Œ∫Ï”œ¶"
572,1119,2,20,612,"2016/8/23 17:03:48","2016/8/23 17:20:51",1,18688880315,"≥Ã”Ô∆Ê"
505,1159,8,16,566,"2016/8/23 17:11:11","2016/8/23 17:19:56",1,18688880129,"∑∂ºŒ Ø"
666,1076,2,8,210,"2016/8/23 17:53:11","2016/8/23 18:05:39",1,18688880201,"≥Ã»≤©"
609,1110,6,8,411,"2016/8/23 17:58:22","2016/8/23 18:14:29",1,18688880312,"Ò˚∫È”Ï"
730,1128,6,14,577,"2016/8/23 18:34:03","2016/8/23 18:45:10",1,18688880318,"”‡Àº—‘"
563,1087,8,13,585,"2016/8/23 19:23:27","2016/8/23 19:43:27",1,18688880105,"◊¿—‘"
702,994,2,14,711,"2016/8/23 19:47:56","2016/8/23 19:52:03",1,18688880013,"∑∂–¶≥…"
476,998,4,6,269,"2016/8/23 20:02:34","2016/8/23 20:13:28",1,18688880017,"’≈Ÿª—©"
675,1086,6,14,612,"2016/8/23 20:42:30","2016/8/23 20:48:30",1,18688880304,"Ωπº—”Ω"
400,1080,6,9,416,"2016/8/24 11:16:54","2016/8/24 11:34:54",1,18688880302,"¥ﬁ◊”¡˙"
276,1033,2,5,175,"2016/8/24 11:18:22","2016/8/24 11:22:15",1,18688880052,"Ã’”¿≥±"
343,993,3,6,202,"2016/8/24 11:49:02","2016/8/24 11:59:02",1,18688880012,"—Ó“¿›Ê"
191,994,4,5,227,"2016/8/24 11:52:29","2016/8/24 12:03:46",1,18688880013,"≈£∫ÈŒ‰"
418,1117,4,4,451,"2016/8/24 13:00:16","2016/8/24 13:10:04",1,18688880115,"Ã’Í≈∑≤"
167,988,4,13,369,"2016/8/24 13:41:52","2016/8/24 13:57:52",1,18688880007,"”»Ωı»„"
741,1091,4,8,263,"2016/8/24 17:51:30","2016/8/24 18:06:35",1,18688880206,"«¸ª€∑º"
511,1163,4,9,331,"2016/8/24 19:08:21","2016/8/24 19:23:21",1,18688880230,"Õı‘Û—Û"
674,1089,6,5,178,"2016/8/24 19:10:01","2016/8/24 19:17:01",1,18688880305,"Õıæ≤”Ó"
501,1158,6,15,504,"2016/8/24 19:12:46","2016/8/24 19:30:46",1,18688880328,"∞¨–°Ω"
519,1084,8,11,543,"2016/8/24 19:18:48","2016/8/24 19:26:48",1,18688880104,"»ŒˆŒ"
676,1113,3,14,406,"2016/8/24 19:34:14","2016/8/24 19:43:14",1,18688880313,"Ã∆—≈ºŒ"
527,1106,2,7,306,"2016/8/24 19:47:53","2016/8/24 19:57:53",1,18688880211,"”»◊”ø…"
753,1118,2,6,164,"2016/8/24 20:06:09","2016/8/24 20:18:09",1,18688880215,"Àæ”¢Ω‹"
733,1153,8,13,800,"2016/8/24 20:08:28","2016/8/24 20:17:28",1,18688880127,"œ∞”–œ´"
604,1105,6,19,690,"2016/8/24 20:55:14","2016/8/24 21:08:58",1,18688880111,"√Á≈Æ◊”"
470,1131,8,5,206,"2016/8/24 21:26:18","2016/8/24 21:43:18",1,18688880319,"∏ﬂ–˘≥Ω"
385,1076,2,16,1253,"2016/8/25 11:00:49","2016/8/25 11:20:49",1,18688880201,"≥Ã◊”≈Õ"
271,990,2,4,96,"2016/8/25 11:32:36","2016/8/25 11:47:36",1,18688880009,"’≈•”Í"
345,984,6,15,456,"2016/8/25 11:32:59","2016/8/25 11:46:59",1,18688880003,"’≈Ω®ÃŒ"
274,997,2,9,266,"2016/8/25 11:54:12","2016/8/25 11:59:12",1,18688880016,"–Ï◊”–˘"
163,988,2,10,217,"2016/8/25 12:15:36","2016/8/25 12:33:36",1,18688880007,"π˘» ‘Û"
199,996,2,4,124,"2016/8/25 13:58:12","2016/8/25 14:03:49",1,18688880015,"’≈’——Ù"
679,1083,9,13,1064,"2016/8/25 17:03:55","2016/8/25 17:10:55",1,18688880303,"’≈º«±¶"
757,1148,3,6,337,"2016/8/25 17:39:02","2016/8/25 17:51:02",1,18688880225,"◊ø—«∆º"
1050,1001,4,17,640,"2016/8/25 17:46:17","2016/8/25 17:55:27",1,18688880020,"–Ã–«∫£"
590,1077,4,6,172,"2016/8/25 18:37:02","2016/8/25 18:45:02",1,18688880301,"”Ò–°Ÿª"
464,1108,2,16,689,"2016/8/25 19:24:08","2016/8/25 19:40:08",1,18688880112,"¿Ó∫£∑Â"
518,1156,6,12,594,"2016/8/25 19:56:51","2016/8/25 20:09:23",1,18688880128,"∞¨Œƒ‹Á"
456,1104,7,16,608,"2016/8/25 20:33:45","2016/8/25 20:51:45",1,18688880310,"œ∞¥æ’Ò"
523,1086,8,9,351,"2016/8/25 20:47:28","2016/8/25 20:58:28",1,18688880304,"Ωπ÷™∫¿"
326,987,8,13,494,"2016/8/26 11:20:28","2016/8/26 11:39:28",1,18688880006,"“◊◊”Ïß"
403,1108,8,9,451,"2016/8/26 11:24:45","2016/8/26 11:43:45",1,18688880112,"œƒÊ√ª€"
350,995,3,6,584,"2016/8/26 12:23:24","2016/8/26 12:40:24",1,18688880014,"∏ﬂËÛ"
205,1017,3,8,321,"2016/8/26 12:33:45","2016/8/26 12:51:45",1,18688880036,"¬¨ø°∫„"
257,1018,6,12,599,"2016/8/26 13:11:25","2016/8/26 13:30:25",1,18688880037,"◊ø∫∆”Ó"
206,1002,4,9,447,"2016/8/26 13:14:11","2016/8/26 13:19:11",1,18688880021,"¿Ó√œœƒ"
208,982,3,6,206,"2016/8/26 13:53:46","2016/8/26 14:09:50",1,18688880001,"“∂“‡ø≠"
292,989,2,4,143,"2016/8/26 14:03:23","2016/8/26 14:04:06",1,18688880008,"Ã∆¿Ú"
710,1147,8,12,734,"2016/8/26 17:45:17","2016/8/26 17:51:17",1,18688880125,"◊ø”¿√∑"
611,1098,4,8,408,"2016/8/26 17:48:10","2016/8/26 18:05:49",1,18688880308,"Œ¿—ß¡÷"
639,1075,6,16,650,"2016/8/26 17:48:40","2016/8/26 17:54:40",1,18688880101,"‘≠Œƒ’‹"
659,1119,6,16,515,"2016/8/26 17:49:24","2016/8/26 17:58:24",1,18688880315,"≥Ãª›"
552,1112,8,11,253,"2016/8/26 17:51:23","2016/8/26 17:58:23",1,18688880213,"Õı–°»Ω"
731,1082,5,19,631,"2016/8/26 18:49:43","2016/8/26 19:03:09",1,18688880203,"’≈–°±¶"
747,1097,6,17,795,"2016/8/26 19:48:20","2016/8/26 19:53:20",1,18688880208,"‘≠ˆ©Íø"
554,1016,8,13,708,"2016/8/26 19:48:58","2016/8/26 19:55:58",1,18688880035,"Œ∫÷€ƒæ"
627,1077,4,5,224,"2016/8/26 20:33:49","2016/8/26 20:42:49",1,18688880301,"”Ò–°Ÿª"
634,1078,3,10,733,"2016/8/26 20:44:16","2016/8/26 20:56:16",1,18688880102,"√Áº“Œ∞"
1087,1028,6,24,953,"2016/8/26 20:55:40","2016/8/26 21:09:10",1,18688880047,"“¸ø°Íÿ"
1037,1027,4,6,166,"2016/8/26 21:31:06","2016/8/26 21:41:06",1,18688880046,"–¡±Û"
834,1083,2,5,167,"2016/8/27 11:04:39","2016/8/27 11:07:35",1,18688880303,"’≈º«±¶"
806,1099,4,9,279,"2016/8/27 11:10:14","2016/8/27 11:17:35",1,18688880109,"œ∞÷«◊”"
361,995,2,5,270,"2016/8/27 11:15:18","2016/8/27 11:25:53",1,18688880014,"—Óœ˛≥©"
838,1126,6,13,550,"2016/8/27 11:15:48","2016/8/27 11:24:21",1,18688880118,"”‡º—–¿"
178,994,3,6,185,"2016/8/27 11:17:07","2016/8/27 11:21:51",1,18688880013,"¡ı¿÷—˛"
816,1160,6,10,419,"2016/8/27 11:35:41","2016/8/27 11:43:05",1,18688880229,"≤ÃÀ›Ë∫"
830,1076,2,6,205,"2016/8/27 11:37:25","2016/8/27 11:45:59",1,18688880201,"≥Ãœ˛∞≤"
866,1159,8,11,736,"2016/8/27 12:02:45","2016/8/27 12:18:50",1,18688880129,"¡ı±Û“Â"
785,1104,4,11,433,"2016/8/27 12:02:56","2016/8/27 12:15:28",1,18688880310,"œ∞ ´√Ù"
868,1133,4,13,410,"2016/8/27 12:38:58","2016/8/27 12:52:44",1,18688880220,"∞¸“‡–˛"
329,1001,4,12,303,"2016/8/27 12:59:55","2016/8/27 13:15:03",1,18688880020,"¡÷◊”›’"
821,1086,6,15,770,"2016/8/27 13:10:03","2016/8/27 13:15:35",1,18688880304,"ΩπÕÚ‘æ"
796,1092,5,8,378,"2016/8/27 13:12:02","2016/8/27 13:24:10",1,18688880306,"≤Ã» ©"
423,1120,7,4,110,"2016/8/27 13:40:04","2016/8/27 13:45:04",1,18688880116,"÷ÏŸª—©"
835,1073,6,11,499,"2016/8/27 13:43:20","2016/8/27 13:50:17",1,18688880098,"π®Ÿª"
819,1124,6,15,796,"2016/8/27 13:44:52","2016/8/27 13:51:41",1,18688880217,"÷‹Ó⁄ÕÆ"
303,1004,4,10,277,"2016/8/27 13:57:35","2016/8/27 14:05:54",1,18688880023,"›˛¿Ÿ∫Ï"
496,1019,4,13,821,"2016/8/27 17:03:05","2016/8/27 17:11:16",1,18688880038,"≈£–æ‹€"
465,1020,10,27,1010,"2016/8/27 17:15:15","2016/8/27 17:23:58",1,18688880039,"∫˙◊”›Ê"
1304,1087,2,19,765,"2016/8/27 17:45:24","2016/8/27 17:50:12",1,18688880105,"Õıæ≤"
1216,1026,6,11,405,"2016/8/27 17:50:32","2016/8/27 18:05:25",1,18688880045,"æ£”Í"
1209,1020,8,17,679,"2016/8/27 17:56:48","2016/8/27 17:14:48",1,18688880039,"ƒ˛√˙¨u"
1127,1022,6,6,312,"2016/8/27 17:58:04","2016/8/27 17:59:43",1,18688880041,"ÕıΩı≈Ù"
1307,1088,8,11,482,"2016/8/27 17:58:32","2016/8/27 18:09:15",1,18688880205,"Õı≈À≈À"
455,1018,4,6,317,"2016/8/27 18:06:24","2016/8/27 18:15:50",1,18688880037,"Õıø¬√»"
687,1079,5,15,713,"2016/8/27 18:07:04","2016/8/27 18:11:21",1,18688880202,"Õı‹∑»„"
1046,1132,2,15,615,"2016/8/27 18:19:40","2016/8/27 18:57:40",1,18688880120,"ÕıΩı≈Ù"
1190,1078,6,21,747,"2016/8/27 18:20:57","2016/8/27 18:31:31",1,18688880102,"¬…≤®"
483,1024,8,5,211,"2016/8/27 18:23:01","2016/8/27 18:36:52",1,18688880043,"—¶ˆ©ˆ©"
1313,1119,10,6,243,"2016/8/27 18:33:20","2016/8/27 18:42:48",1,18688880315,"≥Ã”Ìƒ¨"
1200,1149,3,9,465,"2016/8/27 18:34:54","2016/8/27 18:41:06",1,18688880325,"◊ø»®∫∫"
761,1107,6,16,745,"2016/8/27 18:56:51","2016/8/27 19:09:44",1,18688880311,"“◊º™‰–"
1076,1023,4,8,169,"2016/8/27 19:01:25","2016/8/27 19:11:23",1,18688880042,"∫˙√ŒÕ©"
1182,1097,8,8,185,"2016/8/27 19:03:52","2016/8/27 19:08:48",1,18688880208,"‘≠ﬁ»ÃÌ"
1024,1017,4,10,295,"2016/8/27 19:06:59","2016/8/27 19:21:52",1,18688880036,"≈£ÀÔ"
1034,1138,6,19,1082,"2016/8/27 19:15:37","2016/8/27 19:33:03",1,18688880122,"∑Î…ŸªÕ"
1036,1021,7,11,283,"2016/8/27 19:17:17","2016/8/27 19:25:19",1,18688880040,"“∂‰Ï“›"
1040,1122,8,8,391,"2016/8/27 19:22:47","2016/8/27 19:36:52",1,18688880316,"÷ÏÓ⁄"
1067,1161,2,21,581,"2016/8/27 19:24:08","2016/8/27 19:40:47",1,18688880329,"¡ı∑Ô¿º"
1005,1016,5,9,430,"2016/8/27 19:26:43","2016/8/27 19:37:59",1,18688880035,"Œ∫Œı‹«"
1107,1118,1,12,404,"2016/8/27 19:27:56","2016/8/27 19:44:56",1,18688880215,"ÀæÏœª‘"
589,1112,6,14,551,"2016/8/27 19:28:37","2016/8/27 19:42:12",1,18688880213,"Õı‘Û—Ô"
606,1108,8,13,459,"2016/8/27 19:32:12","2016/8/27 19:19:12",1,18688880112,"œƒ∫ÿ»º"
1230,1106,6,8,234,"2016/8/27 19:32:18","2016/8/27 19:39:18",1,18688880211,"”»◊”ø…"
1299,1082,8,16,629,"2016/8/27 19:33:09","2016/8/27 19:39:35",1,18688880203,"’≈–°±¶"
1214,1111,4,29,1034,"2016/8/27 19:44:21","2016/8/27 19:55:39",1,18688880113,"Ã∆µ§µ§"
1196,1147,5,14,590,"2016/8/27 20:07:04","2016/8/27 20:12:45",1,18688880125,"◊ø”¿√∑"
1213,1134,5,25,982,"2016/8/27 20:07:28","2016/8/27 20:13:15",1,18688880320,"¬Ω”Ó≥⁄"
1019,1109,8,27,1048,"2016/8/27 20:29:28","2016/8/27 20:41:19",1,18688880212,"¿Ó¥Ô√˜"
1228,1103,2,30,986,"2016/8/27 20:34:45","2016/8/27 20:44:04",1,18688880210,"“◊¡Ë"
1165,1163,2,11,416,"2016/8/27 20:35:56","2016/8/27 20:47:37",1,18688880230,"ÕıÍœ´h"
1312,1117,10,11,346,"2016/8/27 20:37:17","2016/8/27 20:49:12",1,18688880115,"Àæ”¢Ü¥"
910,1151,6,8,511,"2016/8/27 20:37:54","2016/8/27 20:54:59",1,18688880226,"π˘œ˛œ˛"
1097,1077,2,19,455,"2016/8/27 20:44:34","2016/8/27 20:50:10",1,18688880301,"”Ò–°Ÿª"
1095,1130,8,8,207,"2016/8/27 20:45:07","2016/8/27 21:01:38",1,18688880219,"œƒÍª»ª"
556,1114,4,10,449,"2016/8/27 20:48:44","2016/8/27 20:59:32",1,18688880114,"º™∫Û—Û"
1281,1096,6,18,611,"2016/8/27 20:50:03","2016/8/27 21:01:25",1,18688880108,"◊ø–„∑Ô"
1223,1155,8,8,323,"2016/8/27 20:56:45","2016/8/27 21:05:53",1,18688880327,"’‘—Â±˘"
752,1025,8,27,1055,"2016/8/27 21:30:32","2016/8/27 21:47:13",1,18688880044,"∏ﬂŒ∞∫„"
1128,1093,2,6,97,"2016/8/27 21:41:13","2016/8/27 21:52:47",1,18688880107,"Àæ÷æøµ"
1142,1080,6,13,628,"2016/8/27 21:42:04","2016/8/27 21:47:49",1,18688880302,"Õı≤®"
1256,1128,6,6,84,"2016/8/27 21:45:50","2016/8/27 21:57:38",1,18688880318,"”‡Àº—‘"
549,1098,4,11,300,"2016/8/27 21:50:13","2016/8/27 21:58:57",1,18688880308,"π∑¸¡·"
1164,1162,5,20,699,"2016/8/27 21:56:25","2016/8/27 22:15:31",1,18688880130,"¡ı∞Æ√∑"
1171,1100,4,7,176,"2016/8/27 21:57:01","2016/8/27 21:50:01",1,18688880209,"∏ﬂª€"
1207,1084,4,5,100,"2016/8/27 22:00:42","2016/8/27 22:02:14",1,18688880104,"Œ‚«Ô”Í"
789,1080,4,9,481,"2016/8/28 11:06:12","2016/8/28 11:10:03",1,18688880302,"Õı≤®"
867,1014,2,7,172,"2016/8/28 11:19:58","2016/8/28 11:28:29",1,18688880033,"–Ì∏ﬂ—Ù"
822,1117,9,15,1023,"2016/8/28 11:20:10","2016/8/28 11:26:51",1,18688880115,"ª∆ø…“√"
781,1089,6,10,361,"2016/8/28 11:24:30","2016/8/28 11:36:54",1,18688880305,"ƒ™—‘"
890,1017,6,14,743,"2016/8/28 11:30:50","2016/8/28 11:47:05",1,18688880036,"≈£«Â"
827,1009,8,14,701,"2016/8/28 11:46:18","2016/8/28 11:57:01",1,18688880028,"‘¨ÃÔÃÔ"
335,1007,5,11,465,"2016/8/28 11:53:10","2016/8/28 11:59:18",1,18688880026,"º™◊”ÊÊ"
341,1004,3,6,156,"2016/8/28 12:04:04","2016/8/28 12:07:26",1,18688880023,"≥¬√˜Ω‹"
402,1025,2,5,184,"2016/8/28 12:26:04","2016/8/28 12:29:27",1,18688880044,"Œ∫ÏÕ"
863,1008,5,5,307,"2016/8/28 12:26:21","2016/8/28 12:32:07",1,18688880027,"–Ì∫Õ‚˘"
801,1026,4,8,425,"2016/8/28 12:29:49","2016/8/28 12:40:46",1,18688880045,"“◊ø¬–˘"
858,1028,4,12,467,"2016/8/28 12:31:22","2016/8/28 12:44:56",1,18688880047,"æ£’‹"
297,987,3,6,219,"2016/8/28 12:34:59","2016/8/28 12:48:52",1,18688880006,"“◊◊”Ïß"
889,1076,8,17,800,"2016/8/28 12:46:07","2016/8/28 12:09:07",1,18688880201,"≥ÃÍ—»·"
874,1111,2,6,76,"2016/8/28 12:49:32","2016/8/28 13:04:39",1,18688880113,"≤Ãﬁ»∫≠"
885,1024,2,7,126,"2016/8/28 13:03:44","2016/8/28 13:16:06",1,18688880043,"Œ∫≥Ã—©"
864,1147,4,9,371,"2016/8/28 13:06:36","2016/8/28 13:25:20",1,18688880125,"◊ø”¿√∑"
883,1088,7,18,670,"2016/8/28 13:07:11","2016/8/28 13:20:51",1,18688880205,"”⁄æ∏"
780,1000,6,14,619,"2016/8/28 13:18:26","2016/8/28 13:25:17",1,18688880019,"«Ò≤¥æ˝"
823,1020,2,5,349,"2016/8/28 13:40:11","2016/8/28 13:55:06",1,18688880039,"¬¨ΩıÍÿ"
880,1112,5,9,495,"2016/8/28 13:52:47","2016/8/28 14:08:07",1,18688880213,"Ã∆–˘"
1219,1153,10,15,470,"2016/8/28 17:06:14","2016/8/28 17:23:52",1,18688880127,"œ∞”–œ´"
1017,1034,5,15,475,"2016/8/28 17:33:23","2016/8/28 17:38:32",1,18688880053,"Ã’≥…∑º"
1135,1032,3,5,80,"2016/8/28 17:44:10","2016/8/28 17:56:36",1,18688880051,"Ã’Íø»Ô"
1212,1085,6,9,148,"2016/8/28 17:46:26","2016/8/28 17:53:39",1,18688880204,"Œ‚∂¨”Í"
658,1021,3,15,459,"2016/8/28 17:56:55","2016/8/28 18:05:55",1,18688880040,"“∂‰Ï“›"
1166,1164,3,24,1314,"2016/8/28 17:57:42","2016/8/28 18:14:32",1,18688880330,"…Íÿ¥Ô"
902,1083,10,23,947,"2016/8/28 18:03:43","2016/8/28 18:38:43",1,18688880303,"’≈º«±¶"
1025,1082,5,13,484,"2016/8/28 18:05:15","2016/8/28 19:00:56",1,18688880203,"’≈–°±¶"
1287,1098,6,12,351,"2016/8/28 18:12:26","2016/8/28 18:19:57",1,18688880308,"πÕÒ"
1084,1106,8,7,234,"2016/8/28 18:26:13","2016/8/28 18:39:11",1,18688880211,"ª∆±Ã∆º"
1083,1018,6,15,888,"2016/8/28 18:31:24","2016/8/28 18:46:32",1,18688880037,"¬¨◊”∫≤"
1297,1128,6,18,1031,"2016/8/28 18:36:04","2016/8/28 18:52:57",1,18688880318,"”‡Àº—‘"
558,1030,7,7,656,"2016/8/28 18:37:38","2016/8/28 18:54:38",1,18688880049,"Œƒ¡¢∆Ω"
1041,1103,4,14,600,"2016/8/28 18:38:42","2016/8/28 18:49:59",1,18688880210,"÷Ÿº—–˝"
466,1013,2,19,1032,"2016/8/28 18:42:35","2016/8/28 18:46:22",1,18688880032,"–ÌË˜≈‡"
1273,1099,4,15,675,"2016/8/28 18:46:19","2016/8/28 19:02:28",1,18688880109,"∏ﬂ¿◊"
1140,1086,2,7,298,"2016/8/28 18:56:42","2016/8/28 19:07:17",1,18688880304,"“◊”¢∑≤"
907,1143,7,14,781,"2016/8/28 19:07:11","2016/8/28 19:11:08",1,18688880323,"¿∂ƒ»"
700,1023,6,15,341,"2016/8/28 19:08:43","2016/8/28 19:20:01",1,18688880042,"Œ∫Œ°"
1104,1118,5,7,222,"2016/8/28 19:24:16","2016/8/28 19:44:16",1,18688880215,"ÀæÃÔÃÔ"
1194,1131,4,15,597,"2016/8/28 19:25:16","2016/8/28 19:43:39",1,18688880319,"œƒ«Á"
561,1015,8,15,1144,"2016/8/28 19:28:41","2016/8/28 19:39:25",1,18688880034,"‘¨Ïı∆Ù"
1066,1160,10,15,786,"2016/8/28 19:28:54","2016/8/28 19:58:54",1,18688880229,"¡ı∂´∑Ω"
1158,1029,4,8,399,"2016/8/28 19:29:31","2016/8/28 19:43:03",1,18688880048,"Œƒ»Ùƒ˝"
450,1116,6,23,701,"2016/8/28 19:35:09","2016/8/28 19:45:23",1,18688880314,"‘¯ÃÏ"
1187,1075,6,18,435,"2016/8/28 19:36:33","2016/8/28 19:52:39",1,18688880101,"‘≠’≈ˆŒ"
1240,1133,4,5,183,"2016/8/28 19:45:22","2016/8/28 19:49:36",1,18688880220,"¬Ω¿ˆ¥Ô"
521,1163,8,7,277,"2016/8/28 19:58:27","2016/8/28 20:04:57",1,18688880230,"…Ú—˛"
1160,1155,8,6,172,"2016/8/28 20:10:01","2016/8/28 20:14:58",1,18688880327,"œ∞“ª±˘"
1058,1031,10,6,214,"2016/8/28 20:15:22","2016/8/28 20:22:30",1,18688880050,"Ã’Á˘«Ÿ"
1039,1010,4,11,421,"2016/8/28 20:28:06","2016/8/28 20:44:56",1,18688880029,"‘¨º“»Ô"
1156,1150,6,20,746,"2016/8/28 20:34:10","2016/8/28 20:39:15",1,18688880126,"¿‰¡¡"
638,1022,4,10,610,"2016/8/28 20:36:30","2016/8/28 20:51:45",1,18688880041,"“∂ÃŒ≥œ"
444,1033,10,19,837,"2016/8/28 20:43:07","2016/8/28 20:55:31",1,18688880052,"Ã’”¿≥±"
614,1019,6,10,685,"2016/8/28 20:49:39","2016/8/28 20:54:29",1,18688880038,"¬¨”Í¡·"
1009,1127,4,13,625,"2016/8/28 21:02:18","2016/8/28 21:16:38",1,18688880218,"”‡Ω≠ÃŒ"
1113,1104,4,18,740,"2016/8/28 21:02:33","2016/8/28 21:19:32",1,18688880310,"πÿ¥Û…Ω"
1045,1151,2,10,447,"2016/8/28 21:05:23","2016/8/28 21:20:13",1,18688880226,"¿‰÷æ∂¨"
1078,1093,8,30,1113,"2016/8/28 21:10:01","2016/8/28 21:15:36",1,18688880107,"¿ÓŒßŒß"
1189,1119,4,18,714,"2016/8/28 21:16:13","2016/8/28 21:18:13",1,18688880315,"ª∆Œƒ–˘"
582,1016,6,27,768,"2016/8/28 21:17:22","2016/8/28 21:35:57",1,18688880035,"‘¨ÍªÃÏ"
1010,1108,9,4,135,"2016/8/28 21:37:33","2016/8/28 21:46:32",1,18688880112,"œƒª€√Ù"
1275,1101,8,21,680,"2016/8/28 21:43:18","2016/8/28 21:51:35",1,18688880309,"…≥≥ø‘Û"
1060,1011,6,23,753,"2016/8/28 21:47:01","2016/8/28 21:51:17",1,18688880030,"≤Òµ¬‹∞"
1300,1092,5,19,727,"2016/8/28 21:53:50","2016/8/28 21:09:50",1,18688880306,"«¸ø°"
592,1027,4,12,996,"2016/8/28 21:58:41","2016/8/28 22:11:05",1,18688880046,"æ£∑·∂‰"
1120,1121,2,19,827,"2016/8/28 21:59:19","2016/8/28 22:12:50",1,18688880216,"÷Ï“‡ø…"
1316,1149,4,9,430,"2016/8/28 21:59:44","2016/8/28 22:10:52",1,18688880325,"◊ø»®∫∫"
176,1017,4,7,365,"2016/8/29 11:07:22","2016/8/29 11:21:22",1,18688880036,"¬¨ø°∫„"
180,1023,4,14,465,"2016/8/29 11:16:39","2016/8/29 11:21:13",1,18688880042,"Œ∫Œ°"
332,1029,4,10,201,"2016/8/29 11:47:24","2016/8/29 11:58:24",1,18688880048,"Œƒ»Ùƒ˝"
179,992,3,9,247,"2016/8/29 12:12:22","2016/8/29 12:22:22",1,18688880011,"Ω™ÍœÍ≈"
236,1001,2,4,109,"2016/8/29 12:30:44","2016/8/29 12:34:43",1,18688880020,"»Œ‚˘ƒ˛"
322,993,8,19,718,"2016/8/29 12:51:24","2016/8/29 13:00:17",1,18688880012,"—Ó“¿›Ê"
696,1097,6,16,806,"2016/8/29 17:01:27","2016/8/29 17:10:27",1,18688880208,"≥¬¡¶"
775,1087,2,6,164,"2016/8/29 17:46:39","2016/8/29 18:02:01",1,18688880105,"◊¿—‘"
576,1103,6,22,1162,"2016/8/29 18:36:47","2016/8/29 18:49:23",1,18688880210,"πÿÕ•"
722,1076,2,5,205,"2016/8/29 18:59:38","2016/8/29 19:12:39",1,18688880201,"’‘Ÿª"
657,1107,10,15,718,"2016/8/29 19:06:42","2016/8/29 19:21:42",1,18688880311,"ª∆¬¸”Ò"
588,1092,5,4,203,"2016/8/29 19:08:11","2016/8/29 19:25:11",1,18688880306,"≤Ã» ©"
740,1090,8,14,909,"2016/8/29 20:41:16","2016/8/29 20:57:16",1,18688880106,"≤Ã‘ÛË∫"
697,1098,6,12,452,"2016/8/29 21:27:41","2016/8/29 21:45:41",1,18688880308,"≥¬ª€»„"
398,1108,2,36,980,"2016/8/30 11:16:17","2016/8/30 11:34:17",1,18688880112,"¿Ó∫£∑Â"
387,1095,8,16,551,"2016/8/30 12:00:38","2016/8/30 12:12:38",1,18688880307,"»Œ∫ÏΩø"
168,990,2,9,1105,"2016/8/30 12:07:06","2016/8/30 12:19:06",1,18688880009,"’≈•”Í"
446,1166,2,6,143,"2016/8/30 18:06:04","2016/8/30 18:15:04",1,18688880231,"’≈¥Û≈Ù"
735,1132,2,8,270,"2016/8/30 18:13:05","2016/8/30 18:18:05",1,18688880120,"¬ΩÃŒ"
671,1084,2,8,163,"2016/8/30 19:25:05","2016/8/30 19:44:05",1,18688880104,"»ŒŒƒÁ˜"
603,1102,3,11,459,"2016/8/30 19:30:19","2016/8/30 19:45:19",1,18688880110,"Ã’Ë¥"
661,1096,8,13,812,"2016/8/30 20:00:10","2016/8/30 20:18:10",1,18688880108,"◊ø—ﬁÂ˚"
565,1105,6,8,717,"2016/8/30 20:14:52","2016/8/30 20:30:52",1,18688880111,"ª∆’‹"
539,1110,10,6,238,"2016/8/30 20:30:53","2016/8/30 20:43:53",1,18688880312,"¿Ó≈Â…∫"
636,1089,2,9,349,"2016/8/30 20:52:16","2016/8/30 21:10:36",1,18688880305,"Õıæ≤”Ó"
461,1075,3,8,303,"2016/8/30 21:46:40","2016/8/30 21:56:40",1,18688880101,"’‘”ÒŸª"
777,1076,7,24,824,"2016/8/30 21:49:55","2016/8/30 21:59:55",1,18688880201,"’‘Ÿª"
515,1161,2,5,143,"2016/8/30 21:57:30","2016/8/30 22:00:10",1,18688880329,"¬¨¡·"
289,991,2,5,121,"2016/8/31 11:52:44","2016/8/31 12:01:38",1,18688880010,"¬Ûø≠‘Û"
419,1071,6,6,264,"2016/8/31 12:19:41","2016/8/31 12:29:41",1,18688880096,"Ω™ƒ›ƒ›"
395,1021,4,13,617,"2016/8/31 12:51:51","2016/8/31 13:02:38",1,18688880040,"“∂‰Ï“›"
336,996,2,5,131,"2016/8/31 13:59:05","2016/8/31 14:06:37",1,18688880015,"’≈’——Ù"
763,1135,4,7,296,"2016/8/31 18:05:01","2016/8/31 18:09:40",1,18688880121,"∑ΩœÈŒƒ"
599,1102,8,19,729,"2016/8/31 18:05:51","2016/8/31 18:18:31",1,18688880110,"πÿø≠‘¬"
721,1129,6,15,624,"2016/8/31 18:28:06","2016/8/31 18:42:42",1,18688880119,"œƒ—©"
533,1118,1,11,717,"2016/8/31 18:40:56","2016/8/31 18:57:56",1,18688880215,"ª∆«‡‹ø"
551,1086,8,19,1101,"2016/8/31 19:14:12","2016/8/31 19:19:31",1,18688880304,"’≈–°”Í"
695,1096,6,16,810,"2016/8/31 20:25:16","2016/8/31 20:39:13",1,18688880108,"≥¬”Ó"
641,1095,8,12,679,"2016/8/31 21:23:48","2016/8/31 21:31:48",1,18688880307,"¿Óæ∏"
672,1089,6,24,800,"2016/8/31 21:24:12","2016/8/31 21:56:12",1,18688880305,"ƒ™—‘"
692,1155,8,10,735,"2016/8/31 21:25:18","2016/8/31 21:33:34",1,18688880327,"œ∞“ª±˘"
647,1094,4,9,262,"2016/8/31 21:37:39","2016/8/31 21:55:39",1,18688880207,"’¬¥∫ª™"
570,1113,8,13,589,"2016/8/31 21:41:56","2016/8/31 21:32:56",1,18688880313,"Ã∆—≈ºŒ"
